2025-11-07 08:03:44,103 - Knowledge - INFO - Created shared MongoDB connection pool
2025-11-07 08:03:44,479 - Knowledge - INFO - Starting Knowledge Graph processing with 50 threads
2025-11-07 08:03:44,668 - Knowledge - INFO - Initial configuration: chunk_size=65536, max_cache_size=500
2025-11-07 08:03:46,167 - Knowledge - INFO - 🔍 _load_persisted_knowledge called - checking for Redis optimization
2025-11-07 08:03:46,330 - Knowledge - WARNING - ❌ load_from_redis method not found - Redis support not attached
2025-11-07 08:03:46,476 - Knowledge - INFO - load persisted knowledge: begin
2025-11-07 08:03:46,677 - Knowledge - INFO - Loaded 0 files from persisted knowledge
2025-11-07 08:03:46,895 - Knowledge - INFO - load persisted knowledge: end
2025-11-07 08:03:47,041 - Knowledge - WARNING - No persisted knowledge found. Files will be queued during start()
2025-11-07 08:03:47,252 - Knowledge - INFO - Redis support added with prefix knowledge:b0188jd:
2025-11-07 08:03:47,621 - Knowledge - INFO - Starting knowledge initialization for ID: apPUyg-b0188jd
2025-11-07 08:03:47,789 - Knowledge - INFO - 🔍 Checking Redis for build_id: b0188jd
2025-11-07 08:03:47,941 - Knowledge - INFO - 🔍 Full session ID: apPUyg-b0188jd
2025-11-07 08:03:48,129 - Knowledge - INFO - 🔍 Redis prefix will be: knowledge:b0188jd:
2025-11-07 08:03:48,281 - Knowledge - INFO - 🔍 Using attached load_from_redis() method
2025-11-07 08:03:48,442 - Knowledge - INFO - 🔍 Attempting to load knowledge from Redis...
2025-11-07 08:03:48,594 - Knowledge - INFO - 🔍 Using derived instance_id for Redis lookup: b0188jd
2025-11-07 08:03:50,514 - Knowledge - WARNING - ❌ No Redis cache found
2025-11-07 08:03:52,414 - Knowledge - INFO - 📁 Loading knowledge from disk...
2025-11-07 08:03:52,629 - Knowledge - INFO - load persisted docinfo: begin
2025-11-07 08:03:52,803 - Knowledge - INFO - load persisted docinfo: end
2025-11-07 08:03:52,947 - Knowledge - INFO - 🔍 _load_persisted_knowledge called - checking for Redis optimization
2025-11-07 08:03:53,100 - Knowledge - INFO - ✅ load_from_redis method found - attempting Redis load
2025-11-07 08:03:53,257 - Knowledge - INFO - 🔍 Attempting to load knowledge from Redis...
2025-11-07 08:03:53,409 - Knowledge - INFO - 🔍 Using derived instance_id for Redis lookup: b0188jd
2025-11-07 08:03:55,358 - Knowledge - WARNING - ❌ No Redis cache found
2025-11-07 08:03:55,571 - Knowledge - INFO - ❌ Redis load returned False - falling back to file loading
2025-11-07 08:03:55,721 - Knowledge - INFO - load persisted knowledge: begin
2025-11-07 08:03:55,882 - Knowledge - INFO - Loaded 0 files from persisted knowledge
2025-11-07 08:03:56,028 - Knowledge - INFO - load persisted knowledge: end
2025-11-07 08:03:56,197 - Knowledge - INFO - 📁 Disk load complete in 3.62s
2025-11-07 08:03:56,363 - Knowledge - INFO - Populating ingest queue with source files...
2025-11-07 08:03:57,159 - Knowledge - INFO - Added 471 files from /app/data/kaviademo4200/40498/b0188jd/ImageJ-40498 to ingest queue
2025-11-07 08:03:57,359 - Knowledge - INFO - Worker kw1 created using shared MongoDB connection pool
2025-11-07 08:03:57,522 - Knowledge - INFO - knowledge worker kw1 start
2025-11-07 08:03:57,524 - Knowledge - INFO - Worker kw2 created using shared MongoDB connection pool
2025-11-07 08:03:57,714 - Knowledge - INFO - [kw1] Queue=471, InProgress=0, PendingWorkers=0/1, Completed=0/471 (0.0%)
2025-11-07 08:03:57,816 - Knowledge - INFO - knowledge worker kw2 start
2025-11-07 08:03:57,816 - Knowledge - INFO - Worker kw3 created using shared MongoDB connection pool
2025-11-07 08:03:57,917 - Knowledge - INFO - Dynamic batch size: 100 for queue=471
2025-11-07 08:03:58,022 - Knowledge - INFO - [kw2] Queue=471, InProgress=0, PendingWorkers=0/2, Completed=0/471 (0.0%)
2025-11-07 08:03:58,099 - Knowledge - INFO - knowledge worker kw3 start
2025-11-07 08:03:58,099 - Knowledge - INFO - Worker kw4 created using shared MongoDB connection pool
2025-11-07 08:03:58,228 - Knowledge - INFO - Worker kw1 processing /app/data/kaviademo4200/40498/b0188jd/ImageJ-40498/IJ_Props.txt
2025-11-07 08:03:58,311 - Knowledge - INFO - Dynamic batch size: 50 for queue=471
2025-11-07 08:03:58,407 - Knowledge - INFO - [kw3] Queue=371, InProgress=0, PendingWorkers=1/3, Completed=0/471 (0.0%)
2025-11-07 08:03:58,473 - Knowledge - INFO - knowledge worker kw4 start
2025-11-07 08:03:58,473 - Knowledge - INFO - Worker kw5 created using shared MongoDB connection pool
2025-11-07 08:03:58,556 - Knowledge - INFO - Fast-tracked /app/data/kaviademo4200/40498/b0188jd/ImageJ-40498/IJ_Props.txt (ext=.txt, size=21847)
2025-11-07 08:03:58,633 - Knowledge - INFO - Worker kw2 processing /app/data/kaviademo4200/40498/b0188jd/ImageJ-40498/tests/ij/gui/PlotTest.java
2025-11-07 08:03:58,759 - Knowledge - INFO - Dynamic batch size: 50 for queue=371
2025-11-07 08:03:58,825 - Knowledge - INFO - [kw4] Queue=321, InProgress=0, PendingWorkers=2/4, Completed=0/471 (0.0%)
2025-11-07 08:03:58,959 - Knowledge - INFO - knowledge worker kw5 start
2025-11-07 08:03:58,959 - Knowledge - INFO - Worker kw6 created using shared MongoDB connection pool
2025-11-07 08:03:59,028 - Knowledge - INFO - Worker kw1 processing /app/data/kaviademo4200/40498/b0188jd/ImageJ-40498/functions.html
2025-11-07 08:03:59,105 - Knowledge - INFO - Fast-tracked /app/data/kaviademo4200/40498/b0188jd/ImageJ-40498/tests/ij/gui/PlotTest.java (ext=.java, size=3744)
2025-11-07 08:03:59,172 - Knowledge - INFO - Worker kw3 processing /app/data/kaviademo4200/40498/b0188jd/ImageJ-40498/ij/LookUpTable.java
2025-11-07 08:03:59,260 - Knowledge - INFO - Dynamic batch size: 50 for queue=321
2025-11-07 08:03:59,349 - Knowledge - INFO - [kw5] Queue=271, InProgress=0, PendingWorkers=3/5, Completed=0/471 (0.0%)
2025-11-07 08:03:59,413 - Knowledge - INFO - knowledge worker kw6 start
2025-11-07 08:03:59,414 - Knowledge - INFO - Worker kw7 created using shared MongoDB connection pool
2025-11-07 08:03:59,530 - Knowledge - INFO - Fast-tracked /app/data/kaviademo4200/40498/b0188jd/ImageJ-40498/functions.html (ext=.html, size=189811)
2025-11-07 08:03:59,619 - Knowledge - INFO - Worker kw2 processing /app/data/kaviademo4200/40498/b0188jd/ImageJ-40498/tests/ij/VirtualStackTest.java
2025-11-07 08:03:59,687 - Knowledge - INFO - Worker kw3 processing /app/data/kaviademo4200/40498/b0188jd/ImageJ-40498/ij/Macro.java
2025-11-07 08:03:59,770 - Knowledge - INFO - Worker kw4 processing /app/data/kaviademo4200/40498/b0188jd/ImageJ-40498/ij/gui/StackWindow.java
2025-11-07 08:03:59,865 - Knowledge - INFO - Dynamic batch size: 50 for queue=271
2025-11-07 08:03:59,995 - Knowledge - INFO - [kw6] Queue=221, InProgress=0, PendingWorkers=4/6, Completed=0/471 (0.0%)
2025-11-07 08:04:00,100 - Knowledge - INFO - knowledge worker kw7 start
2025-11-07 08:04:00,100 - Knowledge - INFO - Worker kw8 created using shared MongoDB connection pool
2025-11-07 08:04:00,215 - Knowledge - INFO - Worker kw1 processing /app/data/kaviademo4200/40498/b0188jd/ImageJ-40498/release-notes.html
2025-11-07 08:04:00,296 - Knowledge - INFO - Fast-tracked /app/data/kaviademo4200/40498/b0188jd/ImageJ-40498/tests/ij/VirtualStackTest.java (ext=.java, size=9670)
2025-11-07 08:04:00,386 - Knowledge - INFO - Worker kw3 processing /app/data/kaviademo4200/40498/b0188jd/ImageJ-40498/ij/measure/Calibration.java
2025-11-07 08:04:00,488 - Knowledge - INFO - Worker kw4 processing /app/data/kaviademo4200/40498/b0188jd/ImageJ-40498/ij/gui/TrimmedButton.java
2025-11-07 08:04:00,618 - Knowledge - INFO - Worker kw5 processing /app/data/kaviademo4200/40498/b0188jd/ImageJ-40498/ij/plugin/TextFileReader.java
2025-11-07 08:04:00,738 - Knowledge - INFO - Dynamic batch size: 50 for queue=221
2025-11-07 08:04:00,852 - Knowledge - INFO - [kw7] Queue=171, InProgress=0, PendingWorkers=5/7, Completed=0/471 (0.0%)
2025-11-07 08:04:01,014 - Knowledge - INFO - knowledge worker kw8 start
2025-11-07 08:04:01,014 - Knowledge - INFO - Worker kw9 created using shared MongoDB connection pool
2025-11-07 08:04:01,105 - Knowledge - INFO - Fast-tracked /app/data/kaviademo4200/40498/b0188jd/ImageJ-40498/release-notes.html (ext=.html, size=172366)
2025-11-07 08:04:01,226 - Knowledge - INFO - Worker kw2 processing /app/data/kaviademo4200/40498/b0188jd/ImageJ-40498/tests/ij/IJEventListenerTest.java
2025-11-07 08:04:01,324 - Knowledge - INFO - Worker kw3 processing /app/data/kaviademo4200/40498/b0188jd/ImageJ-40498/ij/measure/Minimizer.java
2025-11-07 08:04:01,391 - Knowledge - INFO - Fast-tracked /app/data/kaviademo4200/40498/b0188jd/ImageJ-40498/ij/gui/TrimmedButton.java (ext=.java, size=799)
2025-11-07 08:04:01,505 - Knowledge - INFO - Fast-tracked /app/data/kaviademo4200/40498/b0188jd/ImageJ-40498/ij/plugin/TextFileReader.java (ext=.java, size=339)
2025-11-07 08:04:01,635 - Knowledge - INFO - Worker kw6 processing /app/data/kaviademo4200/40498/b0188jd/ImageJ-40498/ij/plugin/HyperStackConverter.java
2025-11-07 08:04:01,716 - Knowledge - INFO - Dynamic batch size: 30 for queue=171
2025-11-07 08:04:01,833 - Knowledge - INFO - [kw8] Queue=121, InProgress=0, PendingWorkers=6/8, Completed=0/471 (0.0%)
2025-11-07 08:04:01,936 - Knowledge - INFO - knowledge worker kw9 start
2025-11-07 08:04:01,936 - Knowledge - INFO - Worker kw10 created using shared MongoDB connection pool
2025-11-07 08:04:02,048 - Knowledge - INFO - Worker kw1 processing /app/data/kaviademo4200/40498/b0188jd/ImageJ-40498/LICENSE.txt
2025-11-07 08:04:02,123 - Knowledge - INFO - Fast-tracked /app/data/kaviademo4200/40498/b0188jd/ImageJ-40498/tests/ij/IJEventListenerTest.java (ext=.java, size=781)
2025-11-07 08:04:02,189 - Knowledge - INFO - Worker kw3 processing /app/data/kaviademo4200/40498/b0188jd/ImageJ-40498/ij/measure/ResultsTable.java
2025-11-07 08:04:02,255 - Knowledge - INFO - Worker kw4 processing /app/data/kaviademo4200/40498/b0188jd/ImageJ-40498/ij/gui/RoiBrush.java
2025-11-07 08:04:02,387 - Knowledge - INFO - Worker kw5 processing /app/data/kaviademo4200/40498/b0188jd/ImageJ-40498/ij/plugin/Converter.java
2025-11-07 08:04:02,488 - Knowledge - INFO - Worker kw6 processing /app/data/kaviademo4200/40498/b0188jd/ImageJ-40498/ij/plugin/DragAndDrop.java
2025-11-07 08:04:02,599 - Knowledge - INFO - Worker kw7 processing /app/data/kaviademo4200/40498/b0188jd/ImageJ-40498/ij/plugin/tool/MacroToolRunner.java
2025-11-07 08:04:02,691 - Knowledge - INFO - Dynamic batch size: 30 for queue=121
2025-11-07 08:04:02,782 - Knowledge - INFO - [kw9] Queue=91, InProgress=0, PendingWorkers=7/9, Completed=0/471 (0.0%)
2025-11-07 08:04:02,860 - Knowledge - INFO - knowledge worker kw10 start
2025-11-07 08:04:02,860 - Knowledge - INFO - Worker kw11 created using shared MongoDB connection pool
2025-11-07 08:04:02,931 - Knowledge - INFO - Fast-tracked /app/data/kaviademo4200/40498/b0188jd/ImageJ-40498/LICENSE.txt (ext=.txt, size=512)
2025-11-07 08:04:03,035 - Knowledge - INFO - Worker kw2 processing /app/data/kaviademo4200/40498/b0188jd/ImageJ-40498/tests/ij/ImagePlusTest.java
2025-11-07 08:04:03,105 - Knowledge - INFO - Worker kw3 processing /app/data/kaviademo4200/40498/b0188jd/ImageJ-40498/ij/measure/Measurements.java
2025-11-07 08:04:03,176 - Knowledge - INFO - Worker kw4 processing /app/data/kaviademo4200/40498/b0188jd/ImageJ-40498/ij/gui/NonBlockingGenericDialog.java
2025-11-07 08:04:03,281 - Knowledge - INFO - Worker kw5 processing /app/data/kaviademo4200/40498/b0188jd/ImageJ-40498/ij/plugin/GIF_Reader.java
2025-11-07 08:04:03,357 - Knowledge - INFO - Worker kw6 processing /app/data/kaviademo4200/40498/b0188jd/ImageJ-40498/ij/plugin/BrowserLauncher.java
2025-11-07 08:04:03,457 - Knowledge - INFO - Fast-tracked /app/data/kaviademo4200/40498/b0188jd/ImageJ-40498/ij/plugin/tool/MacroToolRunner.java (ext=.java, size=712)
2025-11-07 08:04:03,563 - Knowledge - INFO - Worker kw8 processing /app/data/kaviademo4200/40498/b0188jd/ImageJ-40498/ij/plugin/CalibrationBar.java
2025-11-07 08:04:03,640 - Knowledge - INFO - Dynamic batch size: 20 for queue=91
2025-11-07 08:04:03,772 - Knowledge - INFO - [kw10] Queue=61, InProgress=0, PendingWorkers=8/10, Completed=0/471 (0.0%)
2025-11-07 08:04:03,849 - Knowledge - INFO - knowledge worker kw11 start
2025-11-07 08:04:03,849 - Knowledge - INFO - Worker kw12 created using shared MongoDB connection pool
2025-11-07 08:04:03,965 - Knowledge - INFO - Worker kw1 processing /app/data/kaviademo4200/40498/b0188jd/ImageJ-40498/applet.html
2025-11-07 08:04:04,054 - Knowledge - INFO - Fast-tracked /app/data/kaviademo4200/40498/b0188jd/ImageJ-40498/tests/ij/ImagePlusTest.java (ext=.java, size=110650)
2025-11-07 08:04:04,164 - Knowledge - INFO - Fast-tracked /app/data/kaviademo4200/40498/b0188jd/ImageJ-40498/ij/measure/Measurements.java (ext=.java, size=860)
2025-11-07 08:04:04,242 - Knowledge - INFO - Worker kw4 processing /app/data/kaviademo4200/40498/b0188jd/ImageJ-40498/ij/gui/ImageLayout.java
2025-11-07 08:04:04,333 - Knowledge - INFO - Worker kw5 processing /app/data/kaviademo4200/40498/b0188jd/ImageJ-40498/ij/plugin/SubHyperstackMaker.java
2025-11-07 08:04:04,484 - Knowledge - INFO - Worker kw6 processing /app/data/kaviademo4200/40498/b0188jd/ImageJ-40498/ij/plugin/PGM_Reader.java
2025-11-07 08:04:04,558 - Knowledge - INFO - Worker kw7 processing /app/data/kaviademo4200/40498/b0188jd/ImageJ-40498/ij/plugin/tool/ArrowTool.java
2025-11-07 08:04:04,628 - Knowledge - INFO - Worker kw8 processing /app/data/kaviademo4200/40498/b0188jd/ImageJ-40498/ij/plugin/StackEditor.java
2025-11-07 08:04:04,736 - Knowledge - INFO - Worker kw9 processing /app/data/kaviademo4200/40498/b0188jd/ImageJ-40498/ij/plugin/frame/Fitter.java
2025-11-07 08:04:04,803 - Knowledge - INFO - Dynamic batch size: 20 for queue=61
2025-11-07 08:04:04,940 - Knowledge - INFO - [kw11] Queue=41, InProgress=0, PendingWorkers=9/11, Completed=0/471 (0.0%)
2025-11-07 08:04:05,010 - Knowledge - INFO - knowledge worker kw12 start
2025-11-07 08:04:05,011 - Knowledge - INFO - Worker kw13 created using shared MongoDB connection pool
2025-11-07 08:04:05,090 - Knowledge - INFO - Fast-tracked /app/data/kaviademo4200/40498/b0188jd/ImageJ-40498/applet.html (ext=.html, size=219)
2025-11-07 08:04:05,152 - Knowledge - INFO - Worker kw2 processing /app/data/kaviademo4200/40498/b0188jd/ImageJ-40498/tests/ij/IJInfo.java
2025-11-07 08:04:05,268 - Knowledge - INFO - Worker kw3 processing /app/data/kaviademo4200/40498/b0188jd/ImageJ-40498/ij/measure/SplineFitter.java
2025-11-07 08:04:05,344 - Knowledge - INFO - Worker kw4 processing /app/data/kaviademo4200/40498/b0188jd/ImageJ-40498/ij/gui/MessageDialog.java
2025-11-07 08:04:05,447 - Knowledge - INFO - Worker kw5 processing /app/data/kaviademo4200/40498/b0188jd/ImageJ-40498/ij/plugin/Projector.java
2025-11-07 08:04:05,537 - Knowledge - INFO - Worker kw6 processing /app/data/kaviademo4200/40498/b0188jd/ImageJ-40498/ij/plugin/Grid.java
2025-11-07 08:04:05,630 - Knowledge - INFO - Fast-tracked /app/data/kaviademo4200/40498/b0188jd/ImageJ-40498/ij/plugin/tool/ArrowTool.java (ext=.java, size=1615)
2025-11-07 08:04:05,710 - Knowledge - INFO - Worker kw8 processing /app/data/kaviademo4200/40498/b0188jd/ImageJ-40498/ij/plugin/ScaleBar.java
2025-11-07 08:04:05,782 - Knowledge - INFO - Worker kw9 processing /app/data/kaviademo4200/40498/b0188jd/ImageJ-40498/ij/plugin/frame/MemoryMonitor.java
2025-11-07 08:04:05,876 - Knowledge - INFO - Worker kw10 processing /app/data/kaviademo4200/40498/b0188jd/ImageJ-40498/ij/plugin/ImageInfo.java
2025-11-07 08:04:05,961 - Knowledge - INFO - Dynamic batch size: 20 for queue=41
2025-11-07 08:04:06,033 - Knowledge - INFO - [kw12] Queue=21, InProgress=0, PendingWorkers=10/12, Completed=0/471 (0.0%)
2025-11-07 08:04:06,145 - Knowledge - INFO - knowledge worker kw13 start
2025-11-07 08:04:06,145 - Knowledge - INFO - Worker kw14 created using shared MongoDB connection pool
2025-11-07 08:04:06,253 - Knowledge - INFO - Worker kw1 processing /app/data/kaviademo4200/40498/b0188jd/ImageJ-40498/macros/ShowAllLuts.txt
2025-11-07 08:04:06,348 - Knowledge - INFO - Fast-tracked /app/data/kaviademo4200/40498/b0188jd/ImageJ-40498/tests/ij/IJInfo.java (ext=.java, size=747)
2025-11-07 08:04:06,410 - Knowledge - INFO - Worker kw3 processing /app/data/kaviademo4200/40498/b0188jd/ImageJ-40498/ij/measure/UserFunction.java
2025-11-07 08:04:06,477 - Knowledge - INFO - Worker kw4 processing /app/data/kaviademo4200/40498/b0188jd/ImageJ-40498/ij/gui/HTMLDialog.java
2025-11-07 08:04:06,574 - Knowledge - INFO - Worker kw5 processing /app/data/kaviademo4200/40498/b0188jd/ImageJ-40498/ij/plugin/TextReader.java
2025-11-07 08:04:06,650 - Knowledge - INFO - Worker kw6 processing /app/data/kaviademo4200/40498/b0188jd/ImageJ-40498/ij/plugin/filter/LineGraphAnalyzer.java
2025-11-07 08:04:06,765 - Knowledge - INFO - Worker kw7 processing /app/data/kaviademo4200/40498/b0188jd/ImageJ-40498/ij/plugin/tool/PlugInTool.java
2025-11-07 08:04:06,836 - Knowledge - INFO - Worker kw8 processing /app/data/kaviademo4200/40498/b0188jd/ImageJ-40498/ij/plugin/RoiInterpolator.java
2025-11-07 08:04:06,913 - Knowledge - INFO - Worker kw9 processing /app/data/kaviademo4200/40498/b0188jd/ImageJ-40498/ij/plugin/frame/PasteController.java
2025-11-07 08:04:07,028 - Knowledge - INFO - Worker kw10 processing /app/data/kaviademo4200/40498/b0188jd/ImageJ-40498/ij/plugin/JavaProperties.java
2025-11-07 08:04:07,117 - Knowledge - INFO - Worker kw11 processing /app/data/kaviademo4200/40498/b0188jd/ImageJ-40498/ij/process/FloatPolygon.java
2025-11-07 08:04:07,199 - Knowledge - INFO - Dynamic batch size: 20 for queue=21
2025-11-07 08:04:07,281 - Knowledge - INFO - [kw13] Queue=1, InProgress=0, PendingWorkers=11/13, Completed=0/471 (0.0%)
2025-11-07 08:04:07,347 - Knowledge - INFO - knowledge worker kw14 start
2025-11-07 08:04:07,347 - Knowledge - INFO - Worker kw15 created using shared MongoDB connection pool
2025-11-07 08:04:07,427 - Knowledge - INFO - Fast-tracked /app/data/kaviademo4200/40498/b0188jd/ImageJ-40498/macros/ShowAllLuts.txt (ext=.txt, size=1030)
2025-11-07 08:04:07,513 - Knowledge - INFO - Worker kw2 processing /app/data/kaviademo4200/40498/b0188jd/ImageJ-40498/tests/ij/process/ShortProcessorTest.java
2025-11-07 08:04:07,609 - Knowledge - INFO - Fast-tracked /app/data/kaviademo4200/40498/b0188jd/ImageJ-40498/ij/measure/UserFunction.java (ext=.java, size=906)
2025-11-07 08:04:07,760 - Knowledge - INFO - Worker kw4 processing /app/data/kaviademo4200/40498/b0188jd/ImageJ-40498/ij/gui/GUI.java
2025-11-07 08:04:07,821 - Knowledge - INFO - Worker kw5 processing /app/data/kaviademo4200/40498/b0188jd/ImageJ-40498/ij/plugin/EventListener.java
2025-11-07 08:04:07,923 - Knowledge - INFO - Worker kw6 processing /app/data/kaviademo4200/40498/b0188jd/ImageJ-40498/ij/plugin/filter/ImageProperties.java
2025-11-07 08:04:08,014 - Knowledge - INFO - Fast-tracked /app/data/kaviademo4200/40498/b0188jd/ImageJ-40498/ij/plugin/tool/PlugInTool.java (ext=.java, size=1546)
2025-11-07 08:04:08,157 - Knowledge - INFO - Worker kw8 processing /app/data/kaviademo4200/40498/b0188jd/ImageJ-40498/ij/plugin/PluginInstaller.java
2025-11-07 08:04:08,239 - Knowledge - INFO - Worker kw9 processing /app/data/kaviademo4200/40498/b0188jd/ImageJ-40498/ij/plugin/frame/RoiManager.java
2025-11-07 08:04:08,309 - Knowledge - INFO - Worker kw10 processing /app/data/kaviademo4200/40498/b0188jd/ImageJ-40498/ij/plugin/ImagesToStack.java
2025-11-07 08:04:08,441 - Knowledge - INFO - Worker kw11 processing /app/data/kaviademo4200/40498/b0188jd/ImageJ-40498/ij/process/ImageStatistics.java
2025-11-07 08:04:08,528 - Knowledge - INFO - Worker kw12 processing /app/data/kaviademo4200/40498/b0188jd/ImageJ-40498/module-info.java
2025-11-07 08:04:08,605 - Knowledge - INFO - Dynamic batch size: 1 for queue=1
2025-11-07 08:04:08,796 - Knowledge - INFO - knowledge worker kw15 start
2025-11-07 08:04:08,806 - Knowledge - INFO - Worker kw16 created using shared MongoDB connection pool
2025-11-07 08:04:08,895 - Knowledge - INFO - Worker kw1 processing /app/data/kaviademo4200/40498/b0188jd/ImageJ-40498/macros/SmoothWandTool.txt
2025-11-07 08:04:09,058 - Knowledge - INFO - Fast-tracked /app/data/kaviademo4200/40498/b0188jd/ImageJ-40498/tests/ij/process/ShortProcessorTest.java (ext=.java, size=36701)
2025-11-07 08:04:09,114 - Knowledge - INFO - Worker kw3 processing /app/data/kaviademo4200/40498/b0188jd/ImageJ-40498/ij/measure/CurveFitter.java
2025-11-07 08:04:09,246 - Knowledge - INFO - Worker kw4 processing /app/data/kaviademo4200/40498/b0188jd/ImageJ-40498/ij/gui/ImageRoi.java
2025-11-07 08:04:09,385 - Knowledge - INFO - Worker kw5 processing /app/data/kaviademo4200/40498/b0188jd/ImageJ-40498/ij/plugin/GroupedZProjector.java
2025-11-07 08:04:09,507 - Knowledge - INFO - Worker kw6 processing /app/data/kaviademo4200/40498/b0188jd/ImageJ-40498/ij/plugin/filter/GaussianBlur.java
2025-11-07 08:04:09,574 - Knowledge - INFO - Worker kw7 processing /app/data/kaviademo4200/40498/b0188jd/ImageJ-40498/ij/plugin/HyperStackMaker.java
2025-11-07 08:04:09,714 - Knowledge - INFO - Worker kw8 processing /app/data/kaviademo4200/40498/b0188jd/ImageJ-40498/ij/plugin/JpegWriter.java
2025-11-07 08:04:09,801 - Knowledge - INFO - Worker kw9 processing /app/data/kaviademo4200/40498/b0188jd/ImageJ-40498/ij/plugin/frame/ColorPicker.java
2025-11-07 08:04:09,934 - Knowledge - INFO - Worker kw10 processing /app/data/kaviademo4200/40498/b0188jd/ImageJ-40498/ij/process/ShortProcessor.java
2025-11-07 08:04:10,028 - Knowledge - INFO - Worker kw11 processing /app/data/kaviademo4200/40498/b0188jd/ImageJ-40498/ij/process/FloatStatistics.java
2025-11-07 08:04:10,150 - Knowledge - INFO - Fast-tracked /app/data/kaviademo4200/40498/b0188jd/ImageJ-40498/module-info.java (ext=.java, size=349)
2025-11-07 08:04:10,444 - Knowledge - INFO - knowledge worker kw16 start
2025-11-07 08:04:10,444 - Knowledge - INFO - Worker kw17 created using shared MongoDB connection pool
2025-11-07 08:04:10,536 - Knowledge - INFO - Fast-tracked /app/data/kaviademo4200/40498/b0188jd/ImageJ-40498/macros/SmoothWandTool.txt (ext=.txt, size=2094)
2025-11-07 08:04:10,602 - Knowledge - INFO - Worker kw2 processing /app/data/kaviademo4200/40498/b0188jd/ImageJ-40498/tests/ij/process/ByteProcessorTest.java
2025-11-07 08:04:10,685 - Knowledge - INFO - Worker kw3 processing /app/data/kaviademo4200/40498/b0188jd/ImageJ-40498/ij/measure/ResultsTableMacros.java
2025-11-07 08:04:10,775 - Knowledge - INFO - Worker kw4 processing /app/data/kaviademo4200/40498/b0188jd/ImageJ-40498/ij/gui/PlotContentsDialog.java
2025-11-07 08:04:10,898 - Knowledge - INFO - Worker kw5 processing /app/data/kaviademo4200/40498/b0188jd/ImageJ-40498/ij/plugin/HyperStackReducer.java
2025-11-07 08:04:10,976 - Knowledge - INFO - Worker kw6 processing /app/data/kaviademo4200/40498/b0188jd/ImageJ-40498/ij/plugin/filter/RGBStackSplitter.java
2025-11-07 08:04:11,050 - Knowledge - INFO - Worker kw7 processing /app/data/kaviademo4200/40498/b0188jd/ImageJ-40498/ij/plugin/Histogram.java
2025-11-07 08:04:11,150 - Knowledge - INFO - Worker kw8 processing /app/data/kaviademo4200/40498/b0188jd/ImageJ-40498/ij/plugin/ProxySettings.java
2025-11-07 08:04:11,250 - Knowledge - INFO - Worker kw9 processing /app/data/kaviademo4200/40498/b0188jd/ImageJ-40498/ij/plugin/frame/ColorThresholder.java
2025-11-07 08:04:11,352 - Knowledge - INFO - Worker kw10 processing /app/data/kaviademo4200/40498/b0188jd/ImageJ-40498/ij/process/BinaryInterpolator.java
2025-11-07 08:04:11,475 - Knowledge - INFO - Worker kw11 processing /app/data/kaviademo4200/40498/b0188jd/ImageJ-40498/ij/process/StackStatistics.java
2025-11-07 08:04:11,586 - Knowledge - INFO - Processing batch of 1 files
2025-11-07 08:04:11,737 - Knowledge - INFO - knowledge worker kw17 start
2025-11-07 08:04:11,737 - Knowledge - INFO - Worker kw18 created using shared MongoDB connection pool
2025-11-07 08:04:11,820 - Knowledge - INFO - Worker kw1 processing /app/data/kaviademo4200/40498/b0188jd/ImageJ-40498/macros/Search.txt
2025-11-07 08:04:11,902 - Knowledge - INFO - Fast-tracked /app/data/kaviademo4200/40498/b0188jd/ImageJ-40498/tests/ij/process/ByteProcessorTest.java (ext=.java, size=52526)
2025-11-07 08:04:12,041 - Knowledge - INFO - Worker kw3 processing /app/data/kaviademo4200/40498/b0188jd/ImageJ-40498/ij/ImageListenerAdapter.java
2025-11-07 08:04:12,135 - Knowledge - INFO - Worker kw4 processing /app/data/kaviademo4200/40498/b0188jd/ImageJ-40498/ij/gui/HistogramPlot.java
2025-11-07 08:04:12,216 - Knowledge - INFO - Worker kw5 processing /app/data/kaviademo4200/40498/b0188jd/ImageJ-40498/ij/plugin/RectToolOptions.java
2025-11-07 08:04:12,282 - Knowledge - INFO - Fast-tracked /app/data/kaviademo4200/40498/b0188jd/ImageJ-40498/ij/plugin/filter/RGBStackSplitter.java (ext=.java, size=863)
2025-11-07 08:04:12,429 - Knowledge - INFO - Worker kw7 processing /app/data/kaviademo4200/40498/b0188jd/ImageJ-40498/ij/plugin/GelAnalyzer.java
2025-11-07 08:04:12,497 - Knowledge - INFO - Worker kw8 processing /app/data/kaviademo4200/40498/b0188jd/ImageJ-40498/ij/plugin/Startup.java
2025-11-07 08:04:12,921 - Knowledge - INFO - Worker kw9 processing /app/data/kaviademo4200/40498/b0188jd/ImageJ-40498/ij/plugin/frame/Editor.java
2025-11-07 08:04:13,027 - Knowledge - INFO - Worker kw10 processing /app/data/kaviademo4200/40498/b0188jd/ImageJ-40498/ij/process/ByteProcessor.java
2025-11-07 08:04:13,095 - Knowledge - INFO - Worker kw11 processing /app/data/kaviademo4200/40498/b0188jd/ImageJ-40498/ij/process/LUT.java
2025-11-07 08:04:13,166 - Knowledge - INFO - process ingested knowledge for /app/data/kaviademo4200/40498/b0188jd/ImageJ-40498/module-info.java
2025-11-07 08:04:13,339 - Knowledge - INFO - knowledge worker kw18 start
2025-11-07 08:04:13,339 - Knowledge - INFO - Worker kw19 created using shared MongoDB connection pool
2025-11-07 08:04:13,449 - Knowledge - INFO - Fast-tracked /app/data/kaviademo4200/40498/b0188jd/ImageJ-40498/macros/Search.txt (ext=.txt, size=4242)
2025-11-07 08:04:13,551 - Knowledge - INFO - Worker kw2 processing /app/data/kaviademo4200/40498/b0188jd/ImageJ-40498/tests/ij/process/FloatProcessorTest.java
2025-11-07 08:04:13,653 - Knowledge - INFO - Fast-tracked /app/data/kaviademo4200/40498/b0188jd/ImageJ-40498/ij/ImageListenerAdapter.java (ext=.java, size=856)
2025-11-07 08:04:13,722 - Knowledge - INFO - Worker kw4 processing /app/data/kaviademo4200/40498/b0188jd/ImageJ-40498/ij/gui/GenericDialog.java
2025-11-07 08:04:13,797 - Knowledge - INFO - Worker kw5 processing /app/data/kaviademo4200/40498/b0188jd/ImageJ-40498/ij/plugin/FITS_Reader.java
2025-11-07 08:04:13,870 - Knowledge - INFO - Worker kw6 processing /app/data/kaviademo4200/40498/b0188jd/ImageJ-40498/ij/plugin/filter/ScaleDialog.java
2025-11-07 08:04:13,947 - Knowledge - INFO - Worker kw7 processing /app/data/kaviademo4200/40498/b0188jd/ImageJ-40498/ij/plugin/Binner.java
2025-11-07 08:04:14,019 - Knowledge - INFO - Worker kw8 processing /app/data/kaviademo4200/40498/b0188jd/ImageJ-40498/ij/plugin/PlugInInterpreter.java
2025-11-07 08:04:14,097 - Knowledge - INFO - Worker kw9 processing /app/data/kaviademo4200/40498/b0188jd/ImageJ-40498/ij/plugin/frame/ThresholdAdjuster.java
2025-11-07 08:04:14,198 - Knowledge - INFO - Worker kw10 processing /app/data/kaviademo4200/40498/b0188jd/ImageJ-40498/ij/process/EllipseFitter.java
2025-11-07 08:04:14,278 - Knowledge - INFO - Worker kw11 processing /app/data/kaviademo4200/40498/b0188jd/ImageJ-40498/ij/process/BinaryProcessor.java
2025-11-07 08:04:14,498 - Knowledge - INFO - knowledge worker kw19 start
2025-11-07 08:04:14,498 - Knowledge - INFO - Worker kw20 created using shared MongoDB connection pool
2025-11-07 08:04:14,621 - Knowledge - INFO - Worker kw1 processing /app/data/kaviademo4200/40498/b0188jd/ImageJ-40498/macros/StacksMenuTool.txt
2025-11-07 08:04:14,691 - Knowledge - INFO - Fast-tracked /app/data/kaviademo4200/40498/b0188jd/ImageJ-40498/tests/ij/process/FloatProcessorTest.java (ext=.java, size=78963)
2025-11-07 08:04:14,791 - Knowledge - INFO - Worker kw3 processing /app/data/kaviademo4200/40498/b0188jd/ImageJ-40498/ij/RecentOpener.java
2025-11-07 08:04:14,864 - Knowledge - INFO - Worker kw4 processing /app/data/kaviademo4200/40498/b0188jd/ImageJ-40498/ij/gui/NewImage.java
2025-11-07 08:04:14,950 - Knowledge - INFO - Worker kw5 processing /app/data/kaviademo4200/40498/b0188jd/ImageJ-40498/ij/plugin/OverlayCommands.java
2025-11-07 08:04:15,037 - Knowledge - INFO - Worker kw6 processing /app/data/kaviademo4200/40498/b0188jd/ImageJ-40498/ij/plugin/filter/Printer.java
2025-11-07 08:04:15,123 - Knowledge - INFO - Worker kw7 processing /app/data/kaviademo4200/40498/b0188jd/ImageJ-40498/ij/plugin/ImageJ_Updater.java
2025-11-07 08:04:15,239 - Knowledge - INFO - Fast-tracked /app/data/kaviademo4200/40498/b0188jd/ImageJ-40498/ij/plugin/PlugInInterpreter.java (ext=.java, size=754)
2025-11-07 08:04:15,308 - Knowledge - INFO - Worker kw9 processing /app/data/kaviademo4200/40498/b0188jd/ImageJ-40498/ij/plugin/frame/PlugInDialog.java
2025-11-07 08:04:15,376 - Knowledge - INFO - Worker kw10 processing /app/data/kaviademo4200/40498/b0188jd/ImageJ-40498/ij/process/FloatBlitter.java
2025-11-07 08:04:15,451 - Knowledge - INFO - Worker kw11 processing /app/data/kaviademo4200/40498/b0188jd/ImageJ-40498/ij/process/ColorBlitter.java
2025-11-07 08:04:15,654 - Knowledge - INFO - knowledge worker kw20 start
2025-11-07 08:04:15,654 - Knowledge - INFO - Worker kw21 created using shared MongoDB connection pool
2025-11-07 08:04:15,751 - Knowledge - INFO - Fast-tracked /app/data/kaviademo4200/40498/b0188jd/ImageJ-40498/macros/StacksMenuTool.txt (ext=.txt, size=663)
2025-11-07 08:04:15,823 - Knowledge - INFO - Worker kw2 processing /app/data/kaviademo4200/40498/b0188jd/ImageJ-40498/tests/ij/process/LUTTest.java
2025-11-07 08:04:15,896 - Knowledge - INFO - Fast-tracked /app/data/kaviademo4200/40498/b0188jd/ImageJ-40498/ij/RecentOpener.java (ext=.java, size=790)
2025-11-07 08:04:15,988 - Knowledge - INFO - Worker kw4 processing /app/data/kaviademo4200/40498/b0188jd/ImageJ-40498/ij/gui/ImagePanel.java
2025-11-07 08:04:16,080 - Knowledge - INFO - Worker kw5 processing /app/data/kaviademo4200/40498/b0188jd/ImageJ-40498/ij/plugin/Resizer.java
2025-11-07 08:04:16,151 - Knowledge - INFO - Worker kw6 processing /app/data/kaviademo4200/40498/b0188jd/ImageJ-40498/ij/plugin/filter/Info.java
2025-11-07 08:04:16,257 - Knowledge - INFO - Worker kw7 processing /app/data/kaviademo4200/40498/b0188jd/ImageJ-40498/ij/plugin/PNG_Writer.java
2025-11-07 08:04:16,325 - Knowledge - INFO - Worker kw8 processing /app/data/kaviademo4200/40498/b0188jd/ImageJ-40498/ij/plugin/GifWriter.java
2025-11-07 08:04:16,400 - Knowledge - INFO - Fast-tracked /app/data/kaviademo4200/40498/b0188jd/ImageJ-40498/ij/plugin/frame/PlugInDialog.java (ext=.java, size=1625)
2025-11-07 08:04:16,479 - Knowledge - INFO - Worker kw10 processing /app/data/kaviademo4200/40498/b0188jd/ImageJ-40498/ij/process/FloodFiller.java
2025-11-07 08:04:16,552 - Knowledge - INFO - Worker kw11 processing /app/data/kaviademo4200/40498/b0188jd/ImageJ-40498/ij/process/AutoThresholder.java
2025-11-07 08:04:16,700 - Knowledge - INFO - knowledge worker kw21 start
2025-11-07 08:04:16,700 - Knowledge - INFO - Worker kw22 created using shared MongoDB connection pool
2025-11-07 08:04:16,795 - Knowledge - INFO - Worker kw1 processing /app/data/kaviademo4200/40498/b0188jd/ImageJ-40498/macros/StartupMacros.txt
2025-11-07 08:04:16,908 - Knowledge - INFO - Fast-tracked /app/data/kaviademo4200/40498/b0188jd/ImageJ-40498/tests/ij/process/LUTTest.java (ext=.java, size=7836)
2025-11-07 08:04:17,024 - Knowledge - INFO - Worker kw3 processing /app/data/kaviademo4200/40498/b0188jd/ImageJ-40498/ij/Undo.java
2025-11-07 08:04:17,100 - Knowledge - INFO - Fast-tracked /app/data/kaviademo4200/40498/b0188jd/ImageJ-40498/ij/gui/ImagePanel.java (ext=.java, size=541)
2025-11-07 08:04:17,183 - Knowledge - INFO - Worker kw5 processing /app/data/kaviademo4200/40498/b0188jd/ImageJ-40498/ij/plugin/AboutBox.java
2025-11-07 08:04:17,277 - Knowledge - INFO - Fast-tracked /app/data/kaviademo4200/40498/b0188jd/ImageJ-40498/ij/plugin/filter/Info.java (ext=.java, size=518)
2025-11-07 08:04:17,351 - Knowledge - INFO - Worker kw7 processing /app/data/kaviademo4200/40498/b0188jd/ImageJ-40498/ij/plugin/ControlPanel.java
2025-11-07 08:04:17,438 - Knowledge - INFO - Worker kw8 processing /app/data/kaviademo4200/40498/b0188jd/ImageJ-40498/ij/plugin/Profiler.java
2025-11-07 08:04:17,512 - Knowledge - INFO - Worker kw9 processing /app/data/kaviademo4200/40498/b0188jd/ImageJ-40498/ij/plugin/Animator.java
2025-11-07 08:04:17,622 - Knowledge - INFO - Worker kw10 processing /app/data/kaviademo4200/40498/b0188jd/ImageJ-40498/ij/process/FHT.java
2025-11-07 08:04:17,690 - Knowledge - INFO - Worker kw11 processing /app/data/kaviademo4200/40498/b0188jd/ImageJ-40498/ij/process/ImageProcessor.java
2025-11-07 08:04:17,885 - Knowledge - INFO - knowledge worker kw22 start
2025-11-07 08:04:17,885 - Knowledge - INFO - Worker kw23 created using shared MongoDB connection pool
2025-11-07 08:04:18,012 - Knowledge - INFO - Fast-tracked /app/data/kaviademo4200/40498/b0188jd/ImageJ-40498/macros/StartupMacros.txt (ext=.txt, size=176)
2025-11-07 08:04:18,083 - Knowledge - INFO - Worker kw2 processing /app/data/kaviademo4200/40498/b0188jd/ImageJ-40498/tests/ij/process/BinaryProcessorTest.java
2025-11-07 08:04:18,160 - Knowledge - INFO - Worker kw3 processing /app/data/kaviademo4200/40498/b0188jd/ImageJ-40498/ij/CompositeImage.java
2025-11-07 08:04:18,280 - Knowledge - INFO - Worker kw4 processing /app/data/kaviademo4200/40498/b0188jd/ImageJ-40498/ij/gui/MultiLineLabel.java
2025-11-07 08:04:18,381 - Knowledge - INFO - Worker kw5 processing /app/data/kaviademo4200/40498/b0188jd/ImageJ-40498/ij/plugin/BatchMeasure.java
2025-11-07 08:04:18,481 - Knowledge - INFO - Worker kw6 processing /app/data/kaviademo4200/40498/b0188jd/ImageJ-40498/ij/plugin/filter/AVI_Writer.java
2025-11-07 08:04:18,585 - Knowledge - INFO - Worker kw7 processing /app/data/kaviademo4200/40498/b0188jd/ImageJ-40498/ij/plugin/RGBStackMerge.java
2025-11-07 08:04:18,653 - Knowledge - INFO - Worker kw8 processing /app/data/kaviademo4200/40498/b0188jd/ImageJ-40498/ij/plugin/StackWriter.java
2025-11-07 08:04:18,752 - Knowledge - INFO - Worker kw9 processing /app/data/kaviademo4200/40498/b0188jd/ImageJ-40498/ij/plugin/Benchmark.java
2025-11-07 08:04:18,870 - Knowledge - INFO - Worker kw10 processing /app/data/kaviademo4200/40498/b0188jd/ImageJ-40498/ij/process/ByteBlitter.java
2025-11-07 08:04:18,941 - Knowledge - INFO - Worker kw11 processing /app/data/kaviademo4200/40498/b0188jd/ImageJ-40498/ij/process/ColorSpaceConverter.java
2025-11-07 08:04:19,105 - Knowledge - INFO - knowledge worker kw23 start
2025-11-07 08:04:19,105 - Knowledge - INFO - Worker kw24 created using shared MongoDB connection pool
2025-11-07 08:04:19,182 - Knowledge - INFO - Worker kw1 processing /app/data/kaviademo4200/40498/b0188jd/ImageJ-40498/macros/LUTMenuTool.txt
2025-11-07 08:04:19,292 - Knowledge - INFO - Fast-tracked /app/data/kaviademo4200/40498/b0188jd/ImageJ-40498/tests/ij/process/BinaryProcessorTest.java (ext=.java, size=3308)
2025-11-07 08:04:19,367 - Knowledge - INFO - Worker kw3 processing /app/data/kaviademo4200/40498/b0188jd/ImageJ-40498/ij/util/Java2.java
2025-11-07 08:04:19,463 - Knowledge - INFO - Worker kw4 processing /app/data/kaviademo4200/40498/b0188jd/ImageJ-40498/ij/gui/Toolbar.java
2025-11-07 08:04:19,601 - Knowledge - INFO - Fast-tracked /app/data/kaviademo4200/40498/b0188jd/ImageJ-40498/ij/plugin/BatchMeasure.java (ext=.java, size=966)
2025-11-07 08:04:19,693 - Knowledge - INFO - Worker kw6 processing /app/data/kaviademo4200/40498/b0188jd/ImageJ-40498/ij/plugin/filter/LutApplier.java
2025-11-07 08:04:19,775 - Knowledge - INFO - Worker kw7 processing /app/data/kaviademo4200/40498/b0188jd/ImageJ-40498/ij/plugin/Concatenator.java
2025-11-07 08:04:19,842 - Knowledge - INFO - Worker kw8 processing /app/data/kaviademo4200/40498/b0188jd/ImageJ-40498/ij/plugin/XY_Reader.java
2025-11-07 08:04:19,954 - Knowledge - INFO - Worker kw9 processing /app/data/kaviademo4200/40498/b0188jd/ImageJ-40498/ij/plugin/CompositeConverter.java
2025-11-07 08:04:20,035 - Knowledge - INFO - Worker kw10 processing /app/data/kaviademo4200/40498/b0188jd/ImageJ-40498/ij/process/TypeConverter.java
2025-11-07 08:04:20,148 - Knowledge - INFO - Worker kw11 processing /app/data/kaviademo4200/40498/b0188jd/ImageJ-40498/ij/process/ImageConverter.java
2025-11-07 08:04:20,317 - Knowledge - INFO - knowledge worker kw24 start
2025-11-07 08:04:20,318 - Knowledge - INFO - Worker kw25 created using shared MongoDB connection pool
2025-11-07 08:04:20,397 - Knowledge - INFO - Fast-tracked /app/data/kaviademo4200/40498/b0188jd/ImageJ-40498/macros/LUTMenuTool.txt (ext=.txt, size=554)
2025-11-07 08:04:20,483 - Knowledge - INFO - Worker kw2 processing /app/data/kaviademo4200/40498/b0188jd/ImageJ-40498/tests/ij/process/ImageProcessorTest.java
2025-11-07 08:04:20,572 - Knowledge - INFO - Worker kw3 processing /app/data/kaviademo4200/40498/b0188jd/ImageJ-40498/ij/util/StringSorter.java
2025-11-07 08:04:20,641 - Knowledge - INFO - Worker kw4 processing /app/data/kaviademo4200/40498/b0188jd/ImageJ-40498/ij/gui/WaitForUserDialog.java
2025-11-07 08:04:20,755 - Knowledge - INFO - Worker kw5 processing /app/data/kaviademo4200/40498/b0188jd/ImageJ-40498/ij/plugin/Thresholder.java
2025-11-07 08:04:20,844 - Knowledge - INFO - Worker kw6 processing /app/data/kaviademo4200/40498/b0188jd/ImageJ-40498/ij/plugin/filter/ParticleAnalyzer.java
2025-11-07 08:04:20,935 - Knowledge - INFO - Worker kw7 processing /app/data/kaviademo4200/40498/b0188jd/ImageJ-40498/ij/plugin/BMP_Reader.java
2025-11-07 08:04:21,056 - Knowledge - INFO - Fast-tracked /app/data/kaviademo4200/40498/b0188jd/ImageJ-40498/ij/plugin/XY_Reader.java (ext=.java, size=1734)
2025-11-07 08:04:21,190 - Knowledge - INFO - Worker kw9 processing /app/data/kaviademo4200/40498/b0188jd/ImageJ-40498/ij/plugin/ChannelArranger.java
2025-11-07 08:04:21,294 - Knowledge - INFO - Worker kw10 processing /app/data/kaviademo4200/40498/b0188jd/ImageJ-40498/ij/process/ColorStatistics.java
2025-11-07 08:04:21,360 - Knowledge - INFO - Worker kw11 processing /app/data/kaviademo4200/40498/b0188jd/ImageJ-40498/ij/process/IntProcessor.java
2025-11-07 08:04:21,566 - Knowledge - INFO - knowledge worker kw25 start
2025-11-07 08:04:21,566 - Knowledge - INFO - Worker kw26 created using shared MongoDB connection pool
2025-11-07 08:04:21,649 - Knowledge - INFO - Worker kw1 processing /app/data/kaviademo4200/40498/b0188jd/ImageJ-40498/macros/MeasureStack.txt
2025-11-07 08:04:21,795 - Knowledge - INFO - Fast-tracked /app/data/kaviademo4200/40498/b0188jd/ImageJ-40498/tests/ij/process/ImageProcessorTest.java (ext=.java, size=69465)
2025-11-07 08:04:21,872 - Knowledge - INFO - Worker kw3 processing /app/data/kaviademo4200/40498/b0188jd/ImageJ-40498/ij/util/ThreadUtil.java
2025-11-07 08:04:21,950 - Knowledge - INFO - Worker kw4 processing /app/data/kaviademo4200/40498/b0188jd/ImageJ-40498/ij/gui/PlotCanvas.java
2025-11-07 08:04:22,024 - Knowledge - INFO - Worker kw5 processing /app/data/kaviademo4200/40498/b0188jd/ImageJ-40498/ij/plugin/RoiScaler.java
2025-11-07 08:04:22,130 - Knowledge - INFO - Worker kw6 processing /app/data/kaviademo4200/40498/b0188jd/ImageJ-40498/ij/plugin/filter/Translator.java
2025-11-07 08:04:22,200 - Knowledge - INFO - Worker kw7 processing /app/data/kaviademo4200/40498/b0188jd/ImageJ-40498/ij/plugin/ListVirtualStack.java
2025-11-07 08:04:22,267 - Knowledge - INFO - Worker kw8 processing /app/data/kaviademo4200/40498/b0188jd/ImageJ-40498/ij/plugin/SurfacePlotter.java
2025-11-07 08:04:22,422 - Knowledge - INFO - Worker kw9 processing /app/data/kaviademo4200/40498/b0188jd/ImageJ-40498/ij/plugin/GaussianBlur3D.java
2025-11-07 08:04:22,524 - Knowledge - INFO - Worker kw10 processing /app/data/kaviademo4200/40498/b0188jd/ImageJ-40498/ij/process/MedianCut.java
2025-11-07 08:04:22,599 - Knowledge - INFO - Worker kw11 processing /app/data/kaviademo4200/40498/b0188jd/ImageJ-40498/ij/process/ShortStatistics.java
2025-11-07 08:04:22,768 - Knowledge - INFO - knowledge worker kw26 start
2025-11-07 08:04:22,768 - Knowledge - INFO - Worker kw27 created using shared MongoDB connection pool
2025-11-07 08:04:22,862 - Knowledge - INFO - Fast-tracked /app/data/kaviademo4200/40498/b0188jd/ImageJ-40498/macros/MeasureStack.txt (ext=.txt, size=3848)
2025-11-07 08:04:22,929 - Knowledge - INFO - Worker kw2 processing /app/data/kaviademo4200/40498/b0188jd/ImageJ-40498/tests/ij/process/DataConstants.java
2025-11-07 08:04:23,020 - Knowledge - INFO - Worker kw3 processing /app/data/kaviademo4200/40498/b0188jd/ImageJ-40498/ij/util/Tools.java
2025-11-07 08:04:23,141 - Knowledge - INFO - Worker kw4 processing /app/data/kaviademo4200/40498/b0188jd/ImageJ-40498/ij/gui/RotatedRectRoi.java
2025-11-07 08:04:23,251 - Knowledge - INFO - Worker kw5 processing /app/data/kaviademo4200/40498/b0188jd/ImageJ-40498/ij/plugin/RandomOvals.txt
2025-11-07 08:04:23,325 - Knowledge - INFO - Worker kw6 processing /app/data/kaviademo4200/40498/b0188jd/ImageJ-40498/ij/plugin/filter/ThresholdToSelection.java
2025-11-07 08:04:23,406 - Knowledge - INFO - Worker kw7 processing /app/data/kaviademo4200/40498/b0188jd/ImageJ-40498/ij/plugin/NewPlugin.java
2025-11-07 08:04:23,469 - Knowledge - INFO - Worker kw8 processing /app/data/kaviademo4200/40498/b0188jd/ImageJ-40498/ij/plugin/BMP_Writer.java
2025-11-07 08:04:23,545 - Knowledge - INFO - Worker kw9 processing /app/data/kaviademo4200/40498/b0188jd/ImageJ-40498/ij/plugin/PNM_Writer.java
2025-11-07 08:04:23,665 - Knowledge - INFO - Worker kw10 processing /app/data/kaviademo4200/40498/b0188jd/ImageJ-40498/ij/process/ShortBlitter.java
2025-11-07 08:04:23,783 - Knowledge - INFO - Worker kw11 processing /app/data/kaviademo4200/40498/b0188jd/ImageJ-40498/ij/process/DownsizeTable.java
2025-11-07 08:04:23,942 - Knowledge - INFO - knowledge worker kw27 start
2025-11-07 08:04:23,942 - Knowledge - INFO - Worker kw28 created using shared MongoDB connection pool
2025-11-07 08:04:24,009 - Knowledge - INFO - Worker kw1 processing /app/data/kaviademo4200/40498/b0188jd/ImageJ-40498/macros/AddParticles.txt
2025-11-07 08:04:24,094 - Knowledge - INFO - Fast-tracked /app/data/kaviademo4200/40498/b0188jd/ImageJ-40498/tests/ij/process/DataConstants.java (ext=.java, size=165)
2025-11-07 08:04:24,195 - Knowledge - INFO - Worker kw3 processing /app/data/kaviademo4200/40498/b0188jd/ImageJ-40498/ij/util/FontUtil.java
2025-11-07 08:04:24,268 - Knowledge - INFO - Worker kw4 processing /app/data/kaviademo4200/40498/b0188jd/ImageJ-40498/ij/gui/ImageWindow.java
2025-11-07 08:04:24,354 - Knowledge - INFO - Fast-tracked /app/data/kaviademo4200/40498/b0188jd/ImageJ-40498/ij/plugin/RandomOvals.txt (ext=.txt, size=388)
2025-11-07 08:04:24,426 - Knowledge - INFO - Worker kw6 processing /app/data/kaviademo4200/40498/b0188jd/ImageJ-40498/ij/plugin/filter/ExtendedPlugInFilter.java
2025-11-07 08:04:24,524 - Knowledge - INFO - Worker kw7 processing /app/data/kaviademo4200/40498/b0188jd/ImageJ-40498/ij/plugin/RGBStackConverter.java
2025-11-07 08:04:24,598 - Knowledge - INFO - Worker kw8 processing /app/data/kaviademo4200/40498/b0188jd/ImageJ-40498/ij/plugin/MontageMaker.java
2025-11-07 08:04:24,663 - Knowledge - INFO - Worker kw9 processing /app/data/kaviademo4200/40498/b0188jd/ImageJ-40498/ij/plugin/CommandFinder.java
2025-11-07 08:04:24,765 - Knowledge - INFO - Worker kw10 processing /app/data/kaviademo4200/40498/b0188jd/ImageJ-40498/ij/process/StackProcessor.java
2025-11-07 08:04:24,873 - Knowledge - INFO - Worker kw11 processing /app/data/kaviademo4200/40498/b0188jd/ImageJ-40498/ij/process/ColorProcessor.java
2025-11-07 08:04:25,033 - Knowledge - INFO - knowledge worker kw28 start
2025-11-07 08:04:25,033 - Knowledge - INFO - Worker kw29 created using shared MongoDB connection pool
2025-11-07 08:04:25,149 - Knowledge - INFO - Fast-tracked /app/data/kaviademo4200/40498/b0188jd/ImageJ-40498/macros/AddParticles.txt (ext=.txt, size=419)
2025-11-07 08:04:25,252 - Knowledge - INFO - Worker kw2 processing /app/data/kaviademo4200/40498/b0188jd/ImageJ-40498/tests/ij/process/ColorProcessorTest.java
2025-11-07 08:04:25,370 - Knowledge - INFO - Worker kw3 processing /app/data/kaviademo4200/40498/b0188jd/ImageJ-40498/ij/util/FloatArray.java
2025-11-07 08:04:25,466 - Knowledge - INFO - Worker kw4 processing /app/data/kaviademo4200/40498/b0188jd/ImageJ-40498/ij/gui/ShapeRoi.java
2025-11-07 08:04:25,541 - Knowledge - INFO - Worker kw5 processing /app/data/kaviademo4200/40498/b0188jd/ImageJ-40498/ij/plugin/PointToolOptions.java
2025-11-07 08:04:25,616 - Knowledge - INFO - Worker kw6 processing /app/data/kaviademo4200/40498/b0188jd/ImageJ-40498/ij/plugin/filter/EDM.java
2025-11-07 08:04:25,713 - Knowledge - INFO - Worker kw7 processing /app/data/kaviademo4200/40498/b0188jd/ImageJ-40498/ij/plugin/FileInfoVirtualStack.java
2025-11-07 08:04:25,794 - Knowledge - INFO - Worker kw8 processing /app/data/kaviademo4200/40498/b0188jd/ImageJ-40498/ij/plugin/LUT_Editor.java
2025-11-07 08:04:25,880 - Knowledge - INFO - Worker kw9 processing /app/data/kaviademo4200/40498/b0188jd/ImageJ-40498/ij/plugin/Duplicator.java
2025-11-07 08:04:25,965 - Knowledge - INFO - Worker kw10 processing /app/data/kaviademo4200/40498/b0188jd/ImageJ-40498/ij/process/FloatProcessor.java
2025-11-07 08:04:26,099 - Knowledge - INFO - Worker kw11 processing /app/data/kaviademo4200/40498/b0188jd/ImageJ-40498/ij/process/ByteStatistics.java
2025-11-07 08:04:26,282 - Knowledge - INFO - knowledge worker kw29 start
2025-11-07 08:04:26,282 - Knowledge - INFO - Worker kw30 created using shared MongoDB connection pool
2025-11-07 08:04:26,347 - Knowledge - INFO - Worker kw1 processing /app/data/kaviademo4200/40498/b0188jd/ImageJ-40498/macros/Overlay Editing Tools.txt
2025-11-07 08:04:26,435 - Knowledge - INFO - Fast-tracked /app/data/kaviademo4200/40498/b0188jd/ImageJ-40498/tests/ij/process/ColorProcessorTest.java (ext=.java, size=53145)
2025-11-07 08:04:26,505 - Knowledge - INFO - Worker kw3 processing /app/data/kaviademo4200/40498/b0188jd/ImageJ-40498/ij/util/ArrayUtil.java
2025-11-07 08:04:26,629 - Knowledge - INFO - Worker kw4 processing /app/data/kaviademo4200/40498/b0188jd/ImageJ-40498/ij/gui/Arrow.java
2025-11-07 08:04:26,722 - Knowledge - INFO - Worker kw5 processing /app/data/kaviademo4200/40498/b0188jd/ImageJ-40498/ij/plugin/StackReverser.java
2025-11-07 08:04:26,822 - Knowledge - INFO - Worker kw6 processing /app/data/kaviademo4200/40498/b0188jd/ImageJ-40498/ij/plugin/filter/FFTFilter.java
2025-11-07 08:04:26,913 - Knowledge - INFO - Worker kw7 processing /app/data/kaviademo4200/40498/b0188jd/ImageJ-40498/ij/plugin/Memory.java
2025-11-07 08:04:27,012 - Knowledge - INFO - Worker kw8 processing /app/data/kaviademo4200/40498/b0188jd/ImageJ-40498/ij/plugin/NextImageOpener.java
2025-11-07 08:04:27,162 - Knowledge - INFO - Worker kw9 processing /app/data/kaviademo4200/40498/b0188jd/ImageJ-40498/ij/plugin/Hotkeys.java
2025-11-07 08:04:27,244 - Knowledge - INFO - Worker kw10 processing /app/data/kaviademo4200/40498/b0188jd/ImageJ-40498/ij/process/PolygonFiller.java
2025-11-07 08:04:27,377 - Knowledge - INFO - Worker kw11 processing /app/data/kaviademo4200/40498/b0188jd/ImageJ-40498/pom.xml
2025-11-07 08:04:27,557 - Knowledge - INFO - knowledge worker kw30 start
2025-11-07 08:04:27,650 - Knowledge - INFO - Fast-tracked /app/data/kaviademo4200/40498/b0188jd/ImageJ-40498/macros/Overlay Editing Tools.txt (ext=.txt, size=10050)
2025-11-07 08:04:27,793 - Knowledge - INFO - Worker kw2 processing /app/data/kaviademo4200/40498/b0188jd/ImageJ-40498/ij/Prefs.java
2025-11-07 08:04:27,893 - Knowledge - INFO - Worker kw3 processing /app/data/kaviademo4200/40498/b0188jd/ImageJ-40498/ij/util/DicomTools.java
2025-11-07 08:04:28,020 - Knowledge - INFO - Worker kw4 processing /app/data/kaviademo4200/40498/b0188jd/ImageJ-40498/ij/gui/PlotWindow.java
2025-11-07 08:04:28,155 - Knowledge - INFO - Fast-tracked /app/data/kaviademo4200/40498/b0188jd/ImageJ-40498/ij/plugin/StackReverser.java (ext=.java, size=1241)
2025-11-07 08:04:28,237 - Knowledge - INFO - Worker kw6 processing /app/data/kaviademo4200/40498/b0188jd/ImageJ-40498/ij/plugin/filter/MaximumFinder.java
2025-11-07 08:04:28,347 - Knowledge - INFO - Worker kw7 processing /app/data/kaviademo4200/40498/b0188jd/ImageJ-40498/ij/plugin/WindowOrganizer.java
2025-11-07 08:04:28,448 - Knowledge - INFO - Worker kw8 processing /app/data/kaviademo4200/40498/b0188jd/ImageJ-40498/ij/plugin/Macro_Runner.java
2025-11-07 08:04:28,519 - Knowledge - INFO - Worker kw9 processing /app/data/kaviademo4200/40498/b0188jd/ImageJ-40498/ij/plugin/PlugIn.java
2025-11-07 08:04:28,619 - Knowledge - INFO - Worker kw10 processing /app/data/kaviademo4200/40498/b0188jd/ImageJ-40498/ij/process/Blitter.java
2025-11-07 08:04:28,700 - Knowledge - INFO - Fast-tracked /app/data/kaviademo4200/40498/b0188jd/ImageJ-40498/pom.xml (ext=.xml, size=7884)
2025-11-07 08:04:28,843 - Knowledge - INFO - Worker kw1 processing /app/data/kaviademo4200/40498/b0188jd/ImageJ-40498/macros/SprayCanTool.txt
2025-11-07 08:04:28,917 - Knowledge - INFO - Worker kw2 processing /app/data/kaviademo4200/40498/b0188jd/ImageJ-40498/ij/io/ImageWriter.java
2025-11-07 08:04:28,996 - Knowledge - INFO - Worker kw3 processing /app/data/kaviademo4200/40498/b0188jd/ImageJ-40498/ij/util/IJMath.java
2025-11-07 08:04:29,127 - Knowledge - INFO - Worker kw4 processing /app/data/kaviademo4200/40498/b0188jd/ImageJ-40498/ij/gui/RoiProperties.java
2025-11-07 08:04:29,197 - Knowledge - INFO - Worker kw5 processing /app/data/kaviademo4200/40498/b0188jd/ImageJ-40498/ij/plugin/WandToolOptions.java
2025-11-07 08:04:29,278 - Knowledge - INFO - Worker kw6 processing /app/data/kaviademo4200/40498/b0188jd/ImageJ-40498/ij/plugin/filter/Analyzer.java
2025-11-07 08:04:29,351 - Knowledge - INFO - Worker kw7 processing /app/data/kaviademo4200/40498/b0188jd/ImageJ-40498/ij/plugin/ScreenGrabber.java
2025-11-07 08:04:29,429 - Knowledge - INFO - Worker kw8 processing /app/data/kaviademo4200/40498/b0188jd/ImageJ-40498/ij/plugin/Coordinates.java
2025-11-07 08:04:29,530 - Knowledge - INFO - Fast-tracked /app/data/kaviademo4200/40498/b0188jd/ImageJ-40498/ij/plugin/PlugIn.java (ext=.java, size=392)
2025-11-07 08:04:29,652 - Knowledge - INFO - Fast-tracked /app/data/kaviademo4200/40498/b0188jd/ImageJ-40498/ij/process/Blitter.java (ext=.java, size=1423)
2025-11-07 08:04:29,781 - Knowledge - INFO - Worker kw11 processing /app/data/kaviademo4200/40498/b0188jd/ImageJ-40498/nbproject/project.xml
2025-11-07 08:04:29,842 - Knowledge - INFO - Fast-tracked /app/data/kaviademo4200/40498/b0188jd/ImageJ-40498/macros/SprayCanTool.txt (ext=.txt, size=1245)
2025-11-07 08:04:29,949 - Knowledge - INFO - Worker kw2 processing /app/data/kaviademo4200/40498/b0188jd/ImageJ-40498/ij/io/RoiDecoder.java
2025-11-07 08:04:30,036 - Knowledge - INFO - Fast-tracked /app/data/kaviademo4200/40498/b0188jd/ImageJ-40498/ij/util/IJMath.java (ext=.java, size=1312)
2025-11-07 08:04:30,180 - Knowledge - INFO - Worker kw4 processing /app/data/kaviademo4200/40498/b0188jd/ImageJ-40498/ij/gui/FreehandRoi.java
2025-11-07 08:04:30,272 - Knowledge - INFO - Worker kw5 processing /app/data/kaviademo4200/40498/b0188jd/ImageJ-40498/ij/plugin/XYCoordinates.java
2025-11-07 08:04:30,350 - Knowledge - INFO - Worker kw6 processing /app/data/kaviademo4200/40498/b0188jd/ImageJ-40498/ij/plugin/filter/FractalBoxCounter.java
2025-11-07 08:04:30,468 - Knowledge - INFO - Worker kw7 processing /app/data/kaviademo4200/40498/b0188jd/ImageJ-40498/ij/plugin/Text.java
2025-11-07 08:04:30,551 - Knowledge - INFO - Worker kw8 processing /app/data/kaviademo4200/40498/b0188jd/ImageJ-40498/ij/plugin/ThreadLister.java
2025-11-07 08:04:30,680 - Knowledge - INFO - Worker kw9 processing /app/data/kaviademo4200/40498/b0188jd/ImageJ-40498/ij/plugin/CircularRoiMaker.java
2025-11-07 08:04:30,747 - Knowledge - INFO - Worker kw10 processing /app/data/kaviademo4200/40498/b0188jd/ImageJ-40498/ij/process/StackConverter.java
2025-11-07 08:04:30,849 - Knowledge - INFO - Fast-tracked /app/data/kaviademo4200/40498/b0188jd/ImageJ-40498/nbproject/project.xml (ext=.xml, size=599)
2025-11-07 08:04:30,927 - Knowledge - INFO - Worker kw1 processing /app/data/kaviademo4200/40498/b0188jd/ImageJ-40498/macros/ConvertStackToBinary.txt
2025-11-07 08:04:31,011 - Knowledge - INFO - Worker kw2 processing /app/data/kaviademo4200/40498/b0188jd/ImageJ-40498/ij/io/DirectoryChooser.java
2025-11-07 08:04:31,085 - Knowledge - INFO - Worker kw3 processing /app/data/kaviademo4200/40498/b0188jd/ImageJ-40498/ij/util/WildcardMatch.java
2025-11-07 08:04:31,213 - Knowledge - INFO - Worker kw4 processing /app/data/kaviademo4200/40498/b0188jd/ImageJ-40498/ij/gui/TextRoi.java
2025-11-07 08:04:31,295 - Knowledge - INFO - Worker kw5 processing /app/data/kaviademo4200/40498/b0188jd/ImageJ-40498/ij/plugin/LutLoader.java
2025-11-07 08:04:31,385 - Knowledge - INFO - Worker kw6 processing /app/data/kaviademo4200/40498/b0188jd/ImageJ-40498/ij/plugin/filter/Convolver.java
2025-11-07 08:04:31,546 - Knowledge - INFO - Worker kw7 processing /app/data/kaviademo4200/40498/b0188jd/ImageJ-40498/ij/plugin/OverlayLabels.java
2025-11-07 08:04:31,618 - Knowledge - INFO - Worker kw8 processing /app/data/kaviademo4200/40498/b0188jd/ImageJ-40498/ij/plugin/Compiler.java
2025-11-07 08:04:31,874 - Knowledge - INFO - Worker kw11 processing /app/data/kaviademo4200/40498/b0188jd/ImageJ-40498/nbproject/build-impl.xml
2025-11-07 08:04:31,949 - Knowledge - INFO - Fast-tracked /app/data/kaviademo4200/40498/b0188jd/ImageJ-40498/macros/ConvertStackToBinary.txt (ext=.txt, size=484)
2025-11-07 08:04:32,018 - Knowledge - INFO - Worker kw2 processing /app/data/kaviademo4200/40498/b0188jd/ImageJ-40498/ij/io/DragAndDropHandler.java
2025-11-07 08:04:32,120 - Knowledge - INFO - Worker kw3 processing /app/data/kaviademo4200/40498/b0188jd/ImageJ-40498/ij/ImageStack.java
2025-11-07 08:04:32,186 - Knowledge - INFO - Worker kw4 processing /app/data/kaviademo4200/40498/b0188jd/ImageJ-40498/ij/gui/PlotMaker.java
2025-11-07 08:04:32,274 - Knowledge - INFO - Worker kw5 processing /app/data/kaviademo4200/40498/b0188jd/ImageJ-40498/ij/plugin/Options.java
2025-11-07 08:04:32,346 - Knowledge - INFO - Worker kw6 processing /app/data/kaviademo4200/40498/b0188jd/ImageJ-40498/ij/plugin/filter/XYWriter.java
2025-11-07 08:04:32,425 - Knowledge - INFO - Worker kw7 processing /app/data/kaviademo4200/40498/b0188jd/ImageJ-40498/ij/plugin/FolderOpener.java
2025-11-07 08:04:32,497 - Knowledge - INFO - Worker kw8 processing /app/data/kaviademo4200/40498/b0188jd/ImageJ-40498/ij/plugin/ClassChecker.java
2025-11-07 08:04:32,586 - Knowledge - INFO - Fast-tracked /app/data/kaviademo4200/40498/b0188jd/ImageJ-40498/nbproject/build-impl.xml (ext=.xml, size=23936)
2025-11-07 08:04:32,728 - Knowledge - INFO - Worker kw1 processing /app/data/kaviademo4200/40498/b0188jd/ImageJ-40498/macros/Circle_Tool.txt
2025-11-07 08:04:32,838 - Knowledge - INFO - Worker kw2 processing /app/data/kaviademo4200/40498/b0188jd/ImageJ-40498/ij/io/FileInfo.java
2025-11-07 08:04:32,953 - Knowledge - INFO - Worker kw3 processing /app/data/kaviademo4200/40498/b0188jd/ImageJ-40498/ij/ImageListener.java
2025-11-07 08:04:33,033 - Knowledge - INFO - Fast-tracked /app/data/kaviademo4200/40498/b0188jd/ImageJ-40498/ij/gui/PlotMaker.java (ext=.java, size=373)
2025-11-07 08:04:33,124 - Knowledge - INFO - Worker kw5 processing /app/data/kaviademo4200/40498/b0188jd/ImageJ-40498/ij/plugin/URLOpener.java
2025-11-07 08:04:33,237 - Knowledge - INFO - Fast-tracked /app/data/kaviademo4200/40498/b0188jd/ImageJ-40498/ij/plugin/filter/XYWriter.java (ext=.java, size=1776)
2025-11-07 08:04:33,313 - Knowledge - INFO - Worker kw7 processing /app/data/kaviademo4200/40498/b0188jd/ImageJ-40498/ij/plugin/Zoom.java
2025-11-07 08:04:33,394 - Knowledge - INFO - Worker kw8 processing /app/data/kaviademo4200/40498/b0188jd/ImageJ-40498/ij/plugin/frame/ContrastAdjuster.java
2025-11-07 08:04:33,479 - Knowledge - INFO - Worker kw11 processing /app/data/kaviademo4200/40498/b0188jd/ImageJ-40498/build.xml
2025-11-07 08:04:33,562 - Knowledge - INFO - Fast-tracked /app/data/kaviademo4200/40498/b0188jd/ImageJ-40498/macros/Circle_Tool.txt (ext=.txt, size=615)
2025-11-07 08:04:33,632 - Knowledge - INFO - Worker kw2 processing /app/data/kaviademo4200/40498/b0188jd/ImageJ-40498/ij/io/PluginClassLoader.java
2025-11-07 08:04:33,698 - Knowledge - INFO - Fast-tracked /app/data/kaviademo4200/40498/b0188jd/ImageJ-40498/ij/ImageListener.java (ext=.java, size=400)
2025-11-07 08:04:33,764 - Knowledge - INFO - Worker kw4 processing /app/data/kaviademo4200/40498/b0188jd/ImageJ-40498/ij/gui/Plot.java
2025-11-07 08:04:33,867 - Knowledge - INFO - Worker kw5 processing /app/data/kaviademo4200/40498/b0188jd/ImageJ-40498/ij/plugin/DICOM.java
2025-11-07 08:04:33,934 - Knowledge - INFO - Worker kw6 processing /app/data/kaviademo4200/40498/b0188jd/ImageJ-40498/ij/plugin/filter/Filler.java
2025-11-07 08:04:34,012 - Knowledge - INFO - Worker kw7 processing /app/data/kaviademo4200/40498/b0188jd/ImageJ-40498/ij/plugin/StackCombiner.java
2025-11-07 08:04:34,103 - Knowledge - INFO - Worker kw8 processing /app/data/kaviademo4200/40498/b0188jd/ImageJ-40498/ij/plugin/frame/SyncWindows.java
2025-11-07 08:04:34,229 - Knowledge - INFO - Fast-tracked /app/data/kaviademo4200/40498/b0188jd/ImageJ-40498/build.xml (ext=.xml, size=5083)
2025-11-07 08:04:34,303 - Knowledge - INFO - Worker kw1 processing /app/data/kaviademo4200/40498/b0188jd/ImageJ-40498/macros/CommandFinderTool.txt
2025-11-07 08:04:34,378 - Knowledge - INFO - Worker kw2 processing /app/data/kaviademo4200/40498/b0188jd/ImageJ-40498/ij/io/OpenDialog.java
2025-11-07 08:04:34,468 - Knowledge - INFO - Worker kw3 processing /app/data/kaviademo4200/40498/b0188jd/ImageJ-40498/ij/Executer.java
2025-11-07 08:04:34,544 - Knowledge - INFO - Fast-tracked /app/data/kaviademo4200/40498/b0188jd/ImageJ-40498/ij/gui/Plot.java (ext=.java, size=187620)
2025-11-07 08:04:34,608 - Knowledge - INFO - Fast-tracked /app/data/kaviademo4200/40498/b0188jd/ImageJ-40498/ij/plugin/DICOM.java (ext=.java, size=249737)
2025-11-07 08:04:34,750 - Knowledge - INFO - Worker kw6 processing /app/data/kaviademo4200/40498/b0188jd/ImageJ-40498/ij/plugin/filter/FFTCustomFilter.java
2025-11-07 08:04:34,835 - Knowledge - INFO - Worker kw7 processing /app/data/kaviademo4200/40498/b0188jd/ImageJ-40498/ij/plugin/RoiRotator.java
2025-11-07 08:04:34,987 - Knowledge - INFO - Worker kw8 processing /app/data/kaviademo4200/40498/b0188jd/ImageJ-40498/ij/plugin/frame/Channels.java
2025-11-07 08:04:35,161 - Knowledge - INFO - Fast-tracked /app/data/kaviademo4200/40498/b0188jd/ImageJ-40498/macros/CommandFinderTool.txt (ext=.txt, size=96)
2025-11-07 08:04:35,327 - Knowledge - INFO - Worker kw2 processing /app/data/kaviademo4200/40498/b0188jd/ImageJ-40498/ij/io/RoiEncoder.java
2025-11-07 08:04:35,427 - Knowledge - INFO - Worker kw3 processing /app/data/kaviademo4200/40498/b0188jd/ImageJ-40498/ij/text/TextCanvas.java
2025-11-07 08:04:35,503 - Knowledge - INFO - Worker kw4 processing /app/data/kaviademo4200/40498/b0188jd/ImageJ-40498/ij/gui/ImageCanvas.java
2025-11-07 08:04:35,576 - Knowledge - INFO - Worker kw5 processing /app/data/kaviademo4200/40498/b0188jd/ImageJ-40498/ij/plugin/SimpleCommands.java
2025-11-07 08:04:35,658 - Knowledge - INFO - Worker kw6 processing /app/data/kaviademo4200/40498/b0188jd/ImageJ-40498/ij/plugin/filter/Shadows.java
2025-11-07 08:04:35,736 - Knowledge - INFO - Worker kw7 processing /app/data/kaviademo4200/40498/b0188jd/ImageJ-40498/ij/plugin/ArrowToolOptions.java
2025-11-07 08:04:35,815 - Knowledge - INFO - Worker kw8 processing /app/data/kaviademo4200/40498/b0188jd/ImageJ-40498/ij/plugin/frame/Commands.java
2025-11-07 08:04:35,970 - Knowledge - INFO - Worker kw1 processing /app/data/kaviademo4200/40498/b0188jd/ImageJ-40498/macros/MagicMontageTools.txt
2025-11-07 08:04:36,045 - Knowledge - INFO - Worker kw2 processing /app/data/kaviademo4200/40498/b0188jd/ImageJ-40498/ij/io/ImageReader.java
2025-11-07 08:04:36,160 - Knowledge - INFO - Worker kw3 processing /app/data/kaviademo4200/40498/b0188jd/ImageJ-40498/ij/text/TextPanel.java
2025-11-07 08:04:36,244 - Knowledge - INFO - Worker kw4 processing /app/data/kaviademo4200/40498/b0188jd/ImageJ-40498/ij/gui/PlotDialog.java
2025-11-07 08:04:36,319 - Knowledge - INFO - Worker kw5 processing /app/data/kaviademo4200/40498/b0188jd/ImageJ-40498/ij/plugin/AppearanceOptions.java
2025-11-07 08:04:36,421 - Knowledge - INFO - Worker kw6 processing /app/data/kaviademo4200/40498/b0188jd/ImageJ-40498/ij/plugin/filter/Filters.java
2025-11-07 08:04:36,501 - Knowledge - INFO - Worker kw7 processing /app/data/kaviademo4200/40498/b0188jd/ImageJ-40498/ij/plugin/RoiReader.java
2025-11-07 08:04:36,579 - Knowledge - INFO - Worker kw8 processing /app/data/kaviademo4200/40498/b0188jd/ImageJ-40498/ij/plugin/frame/PlugInFrame.java
2025-11-07 08:04:36,651 - Knowledge - INFO - Fast-tracked /app/data/kaviademo4200/40498/b0188jd/ImageJ-40498/macros/MagicMontageTools.txt (ext=.txt, size=12805)
2025-11-07 08:04:36,753 - Knowledge - INFO - Worker kw2 processing /app/data/kaviademo4200/40498/b0188jd/ImageJ-40498/ij/io/LogStream.java
2025-11-07 08:04:36,835 - Knowledge - INFO - Worker kw3 processing /app/data/kaviademo4200/40498/b0188jd/ImageJ-40498/ij/text/TextWindow.java
2025-11-07 08:04:36,965 - Knowledge - INFO - Worker kw4 processing /app/data/kaviademo4200/40498/b0188jd/ImageJ-40498/ij/VirtualStack.java
2025-11-07 08:04:37,053 - Knowledge - INFO - Worker kw5 processing /app/data/kaviademo4200/40498/b0188jd/ImageJ-40498/ij/plugin/CommandLister.java
2025-11-07 08:04:37,160 - Knowledge - INFO - Worker kw6 processing /app/data/kaviademo4200/40498/b0188jd/ImageJ-40498/ij/plugin/filter/PlugInFilter.java
2025-11-07 08:04:37,271 - Knowledge - INFO - Fast-tracked /app/data/kaviademo4200/40498/b0188jd/ImageJ-40498/ij/plugin/RoiReader.java (ext=.java, size=1297)
2025-11-07 08:04:37,375 - Knowledge - INFO - Fast-tracked /app/data/kaviademo4200/40498/b0188jd/ImageJ-40498/ij/plugin/frame/PlugInFrame.java (ext=.java, size=1487)
2025-11-07 08:04:37,483 - Knowledge - INFO - Worker kw1 processing /app/data/kaviademo4200/40498/b0188jd/ImageJ-40498/macros/MoveSelection.txt
2025-11-07 08:04:37,554 - Knowledge - INFO - Worker kw2 processing /app/data/kaviademo4200/40498/b0188jd/ImageJ-40498/ij/io/FileSaver.java
2025-11-07 08:04:37,637 - Knowledge - INFO - Worker kw3 processing /app/data/kaviademo4200/40498/b0188jd/ImageJ-40498/ij/CommandListener.java
2025-11-07 08:04:37,704 - Knowledge - INFO - Worker kw4 processing /app/data/kaviademo4200/40498/b0188jd/ImageJ-40498/ij/ImageJ.java
2025-11-07 08:04:37,781 - Knowledge - INFO - Worker kw5 processing /app/data/kaviademo4200/40498/b0188jd/ImageJ-40498/ij/plugin/BatchProcessor.java
2025-11-07 08:04:37,884 - Knowledge - INFO - Worker kw6 processing /app/data/kaviademo4200/40498/b0188jd/ImageJ-40498/ij/plugin/filter/Binary.java
2025-11-07 08:04:37,976 - Knowledge - INFO - Worker kw7 processing /app/data/kaviademo4200/40498/b0188jd/ImageJ-40498/ij/plugin/ImageCalculator.java
2025-11-07 08:04:38,095 - Knowledge - INFO - Worker kw8 processing /app/data/kaviademo4200/40498/b0188jd/ImageJ-40498/ij/plugin/frame/LineWidthAdjuster.java
2025-11-07 08:04:38,199 - Knowledge - INFO - Fast-tracked /app/data/kaviademo4200/40498/b0188jd/ImageJ-40498/macros/MoveSelection.txt (ext=.txt, size=1245)
2025-11-07 08:04:38,308 - Knowledge - INFO - Worker kw2 processing /app/data/kaviademo4200/40498/b0188jd/ImageJ-40498/ij/io/FileOpener.java
2025-11-07 08:04:38,401 - Knowledge - INFO - Fast-tracked /app/data/kaviademo4200/40498/b0188jd/ImageJ-40498/ij/CommandListener.java (ext=.java, size=585)
2025-11-07 08:04:38,479 - Knowledge - INFO - Worker kw4 processing /app/data/kaviademo4200/40498/b0188jd/ImageJ-40498/ij/IJ.java
2025-11-07 08:04:38,555 - Knowledge - INFO - Worker kw5 processing /app/data/kaviademo4200/40498/b0188jd/ImageJ-40498/ij/plugin/Slicer.java
2025-11-07 08:04:38,624 - Knowledge - INFO - Worker kw6 processing /app/data/kaviademo4200/40498/b0188jd/ImageJ-40498/ij/plugin/filter/RankFilters.java
2025-11-07 08:04:38,695 - Knowledge - INFO - Worker kw7 processing /app/data/kaviademo4200/40498/b0188jd/ImageJ-40498/ij/plugin/SpecifyROI.java
2025-11-07 08:04:38,764 - Knowledge - INFO - Worker kw8 processing /app/data/kaviademo4200/40498/b0188jd/ImageJ-40498/ij/plugin/frame/Recorder.java
2025-11-07 08:04:38,844 - Knowledge - INFO - Worker kw1 processing /app/data/kaviademo4200/40498/b0188jd/ImageJ-40498/macros/Label_Tool.txt
2025-11-07 08:04:38,913 - Knowledge - INFO - Worker kw2 processing /app/data/kaviademo4200/40498/b0188jd/ImageJ-40498/ij/io/Opener.java
2025-11-07 08:04:39,016 - Knowledge - INFO - Worker kw3 processing /app/data/kaviademo4200/40498/b0188jd/ImageJ-40498/ij/gui/RoiListener.java
2025-11-07 08:04:39,092 - Knowledge - INFO - Worker kw4 processing /app/data/kaviademo4200/40498/b0188jd/ImageJ-40498/ij/ImageJApplet.java
2025-11-07 08:04:39,175 - Knowledge - INFO - Worker kw5 processing /app/data/kaviademo4200/40498/b0188jd/ImageJ-40498/ij/plugin/ContrastEnhancer.java
2025-11-07 08:04:39,267 - Knowledge - INFO - Worker kw6 processing /app/data/kaviademo4200/40498/b0188jd/ImageJ-40498/ij/plugin/filter/Writer.java
2025-11-07 08:04:39,529 - Knowledge - INFO - Fast-tracked /app/data/kaviademo4200/40498/b0188jd/ImageJ-40498/macros/Label_Tool.txt (ext=.txt, size=2569)
2025-11-07 08:04:39,601 - Knowledge - INFO - Worker kw2 processing /app/data/kaviademo4200/40498/b0188jd/ImageJ-40498/ij/io/TiffEncoder.java
2025-11-07 08:04:39,677 - Knowledge - INFO - Fast-tracked /app/data/kaviademo4200/40498/b0188jd/ImageJ-40498/ij/gui/RoiListener.java (ext=.java, size=536)
2025-11-07 08:04:39,790 - Knowledge - INFO - Fast-tracked /app/data/kaviademo4200/40498/b0188jd/ImageJ-40498/ij/ImageJApplet.java (ext=.java, size=1467)
2025-11-07 08:04:39,904 - Knowledge - INFO - Worker kw5 processing /app/data/kaviademo4200/40498/b0188jd/ImageJ-40498/ij/plugin/TextWriter.java
2025-11-07 08:04:39,982 - Knowledge - INFO - Fast-tracked /app/data/kaviademo4200/40498/b0188jd/ImageJ-40498/ij/plugin/filter/Writer.java (ext=.java, size=1089)
2025-11-07 08:04:40,083 - Knowledge - INFO - Worker kw1 processing /app/data/kaviademo4200/40498/b0188jd/ImageJ-40498/macros/RoiMenuTool.txt
2025-11-07 08:04:40,184 - Knowledge - INFO - Worker kw2 processing /app/data/kaviademo4200/40498/b0188jd/ImageJ-40498/ij/io/BitBuffer.java
2025-11-07 08:04:40,296 - Knowledge - INFO - Worker kw3 processing /app/data/kaviademo4200/40498/b0188jd/ImageJ-40498/ij/gui/ScrollbarWithLabel.java
2025-11-07 08:04:40,387 - Knowledge - INFO - Worker kw4 processing /app/data/kaviademo4200/40498/b0188jd/ImageJ-40498/ij/WindowManager.java
2025-11-07 08:04:40,491 - Knowledge - INFO - Fast-tracked /app/data/kaviademo4200/40498/b0188jd/ImageJ-40498/ij/plugin/TextWriter.java (ext=.java, size=898)
2025-11-07 08:04:40,557 - Knowledge - INFO - Worker kw6 processing /app/data/kaviademo4200/40498/b0188jd/ImageJ-40498/ij/plugin/filter/StackLabeler.java
2025-11-07 08:04:40,712 - Knowledge - INFO - Fast-tracked /app/data/kaviademo4200/40498/b0188jd/ImageJ-40498/macros/RoiMenuTool.txt (ext=.txt, size=3101)
2025-11-07 08:04:40,814 - Knowledge - INFO - Fast-tracked /app/data/kaviademo4200/40498/b0188jd/ImageJ-40498/ij/io/BitBuffer.java (ext=.java, size=1719)
2025-11-07 08:04:40,887 - Knowledge - INFO - Worker kw3 processing /app/data/kaviademo4200/40498/b0188jd/ImageJ-40498/ij/gui/ProfilePlot.java
2025-11-07 08:04:40,975 - Knowledge - INFO - Worker kw4 processing /app/data/kaviademo4200/40498/b0188jd/ImageJ-40498/ij/IJEventListener.java
2025-11-07 08:04:41,047 - Knowledge - INFO - Worker kw5 processing /app/data/kaviademo4200/40498/b0188jd/ImageJ-40498/ij/plugin/AVI_Reader.java
2025-11-07 08:04:41,154 - Knowledge - INFO - Worker kw6 processing /app/data/kaviademo4200/40498/b0188jd/ImageJ-40498/ij/plugin/filter/UnsharpMask.java
2025-11-07 08:04:41,258 - Knowledge - INFO - Worker kw1 processing /app/data/kaviademo4200/40498/b0188jd/ImageJ-40498/macros/DeveloperMenuTool.txt
2025-11-07 08:04:41,337 - Knowledge - INFO - Worker kw2 processing /app/data/kaviademo4200/40498/b0188jd/ImageJ-40498/ij/io/TextEncoder.java
2025-11-07 08:04:41,426 - Knowledge - INFO - Worker kw3 processing /app/data/kaviademo4200/40498/b0188jd/ImageJ-40498/ij/gui/SaveChangesDialog.java
2025-11-07 08:04:41,520 - Knowledge - INFO - Fast-tracked /app/data/kaviademo4200/40498/b0188jd/ImageJ-40498/ij/IJEventListener.java (ext=.java, size=575)
2025-11-07 08:04:41,611 - Knowledge - INFO - Worker kw5 processing /app/data/kaviademo4200/40498/b0188jd/ImageJ-40498/ij/plugin/ZProjector.java
2025-11-07 08:04:41,714 - Knowledge - INFO - Worker kw6 processing /app/data/kaviademo4200/40498/b0188jd/ImageJ-40498/ij/plugin/filter/Duplicater.java
2025-11-07 08:04:41,782 - Knowledge - INFO - Fast-tracked /app/data/kaviademo4200/40498/b0188jd/ImageJ-40498/macros/DeveloperMenuTool.txt (ext=.txt, size=634)
2025-11-07 08:04:41,891 - Knowledge - INFO - Fast-tracked /app/data/kaviademo4200/40498/b0188jd/ImageJ-40498/ij/io/TextEncoder.java (ext=.java, size=1593)
2025-11-07 08:04:41,964 - Knowledge - INFO - Worker kw3 processing /app/data/kaviademo4200/40498/b0188jd/ImageJ-40498/ij/gui/EllipseRoi.java
2025-11-07 08:04:42,031 - Knowledge - INFO - Worker kw4 processing /app/data/kaviademo4200/40498/b0188jd/ImageJ-40498/ij/OtherInstance.java
2025-11-07 08:04:42,144 - Knowledge - INFO - Worker kw5 processing /app/data/kaviademo4200/40498/b0188jd/ImageJ-40498/ij/plugin/FITS_Writer.java
2025-11-07 08:04:42,264 - Knowledge - INFO - Fast-tracked /app/data/kaviademo4200/40498/b0188jd/ImageJ-40498/ij/plugin/filter/Duplicater.java (ext=.java, size=722)
2025-11-07 08:04:42,372 - Knowledge - INFO - Worker kw1 processing /app/data/kaviademo4200/40498/b0188jd/ImageJ-40498/macros/FloodFillTool.txt
2025-11-07 08:04:42,450 - Knowledge - INFO - Worker kw2 processing /app/data/kaviademo4200/40498/b0188jd/ImageJ-40498/ij/io/ImportDialog.java
2025-11-07 08:04:42,525 - Knowledge - INFO - Worker kw3 processing /app/data/kaviademo4200/40498/b0188jd/ImageJ-40498/ij/gui/Line.java
2025-11-07 08:04:42,607 - Knowledge - INFO - Worker kw4 processing /app/data/kaviademo4200/40498/b0188jd/ImageJ-40498/ij/ImagePlus.java
2025-11-07 08:04:42,682 - Knowledge - INFO - Worker kw5 processing /app/data/kaviademo4200/40498/b0188jd/ImageJ-40498/ij/plugin/ZAxisProfiler.java
2025-11-07 08:04:42,777 - Knowledge - INFO - Worker kw6 processing /app/data/kaviademo4200/40498/b0188jd/ImageJ-40498/ij/plugin/filter/ImageMath.java
2025-11-07 08:04:42,860 - Knowledge - INFO - Fast-tracked /app/data/kaviademo4200/40498/b0188jd/ImageJ-40498/macros/FloodFillTool.txt (ext=.txt, size=656)
2025-11-07 08:04:43,003 - Knowledge - INFO - Worker kw2 processing /app/data/kaviademo4200/40498/b0188jd/ImageJ-40498/ij/io/SaveDialog.java
2025-11-07 08:04:43,115 - Knowledge - INFO - Worker kw3 processing /app/data/kaviademo4200/40498/b0188jd/ImageJ-40498/ij/gui/PointRoi.java
2025-11-07 08:04:43,213 - Knowledge - INFO - Fast-tracked /app/data/kaviademo4200/40498/b0188jd/ImageJ-40498/ij/ImagePlus.java (ext=.java, size=108208)
2025-11-07 08:04:43,292 - Knowledge - INFO - Worker kw5 processing /app/data/kaviademo4200/40498/b0188jd/ImageJ-40498/ij/plugin/Colors.java
2025-11-07 08:04:43,366 - Knowledge - INFO - Worker kw6 processing /app/data/kaviademo4200/40498/b0188jd/ImageJ-40498/ij/plugin/filter/Transformer.java
2025-11-07 08:04:43,436 - Knowledge - INFO - Worker kw1 processing /app/data/kaviademo4200/40498/b0188jd/ImageJ-40498/macros/InvertAllLuts.txt
2025-11-07 08:04:43,509 - Knowledge - INFO - Worker kw2 processing /app/data/kaviademo4200/40498/b0188jd/ImageJ-40498/ij/io/RandomAccessStream.java
2025-11-07 08:04:43,626 - Knowledge - INFO - Worker kw3 processing /app/data/kaviademo4200/40498/b0188jd/ImageJ-40498/ij/gui/YesNoCancelDialog.java
2025-11-07 08:04:43,699 - Knowledge - INFO - Worker kw4 processing /app/data/kaviademo4200/40498/b0188jd/ImageJ-40498/ij/plugin/Stack_Statistics.java
2025-11-07 08:04:43,822 - Knowledge - INFO - Worker kw5 processing /app/data/kaviademo4200/40498/b0188jd/ImageJ-40498/ij/plugin/Commands.java
2025-11-07 08:04:43,911 - Knowledge - INFO - Worker kw6 processing /app/data/kaviademo4200/40498/b0188jd/ImageJ-40498/ij/plugin/filter/SaltAndPepper.java
2025-11-07 08:04:43,977 - Knowledge - INFO - Fast-tracked /app/data/kaviademo4200/40498/b0188jd/ImageJ-40498/macros/InvertAllLuts.txt (ext=.txt, size=2279)
2025-11-07 08:04:44,086 - Knowledge - INFO - Worker kw2 processing /app/data/kaviademo4200/40498/b0188jd/ImageJ-40498/ij/io/TiffDecoder.java
2025-11-07 08:04:44,159 - Knowledge - INFO - Worker kw3 processing /app/data/kaviademo4200/40498/b0188jd/ImageJ-40498/ij/gui/PlotVirtualStack.java
2025-11-07 08:04:44,279 - Knowledge - INFO - Fast-tracked /app/data/kaviademo4200/40498/b0188jd/ImageJ-40498/ij/plugin/Stack_Statistics.java (ext=.java, size=1774)
2025-11-07 08:04:44,366 - Knowledge - INFO - Worker kw5 processing /app/data/kaviademo4200/40498/b0188jd/ImageJ-40498/ij/plugin/StackInserter.java
2025-11-07 08:04:44,440 - Knowledge - INFO - Fast-tracked /app/data/kaviademo4200/40498/b0188jd/ImageJ-40498/ij/plugin/filter/SaltAndPepper.java (ext=.java, size=1029)
2025-11-07 08:04:44,512 - Knowledge - INFO - Worker kw1 processing /app/data/kaviademo4200/40498/b0188jd/ImageJ-40498/README.md
2025-11-07 08:04:44,626 - Knowledge - INFO - Worker kw2 processing /app/data/kaviademo4200/40498/b0188jd/ImageJ-40498/ij/Menus.java
2025-11-07 08:04:44,704 - Knowledge - INFO - Worker kw3 processing /app/data/kaviademo4200/40498/b0188jd/ImageJ-40498/ij/gui/OvalRoi.java
2025-11-07 08:04:44,793 - Knowledge - INFO - Worker kw4 processing /app/data/kaviademo4200/40498/b0188jd/ImageJ-40498/ij/plugin/CanvasResizer.java
2025-11-07 08:04:44,867 - Knowledge - INFO - Worker kw5 processing /app/data/kaviademo4200/40498/b0188jd/ImageJ-40498/ij/plugin/BatchConverter.java
2025-11-07 08:04:44,944 - Knowledge - INFO - Worker kw6 processing /app/data/kaviademo4200/40498/b0188jd/ImageJ-40498/ij/plugin/filter/Calibrator.java
2025-11-07 08:04:45,026 - Knowledge - INFO - Fast-tracked /app/data/kaviademo4200/40498/b0188jd/ImageJ-40498/README.md (ext=.md, size=2801)
2025-11-07 08:04:45,107 - Knowledge - INFO - Worker kw2 processing /app/data/kaviademo4200/40498/b0188jd/ImageJ-40498/ij/macro/Program.java
2025-11-07 08:04:45,221 - Knowledge - INFO - Worker kw3 processing /app/data/kaviademo4200/40498/b0188jd/ImageJ-40498/ij/gui/RoiDefaultsDialog.java
2025-11-07 08:04:45,330 - Knowledge - INFO - Worker kw4 processing /app/data/kaviademo4200/40498/b0188jd/ImageJ-40498/ij/plugin/SubstackMaker.java
2025-11-07 08:04:45,412 - Knowledge - INFO - Worker kw5 processing /app/data/kaviademo4200/40498/b0188jd/ImageJ-40498/ij/plugin/Raw.java
2025-11-07 08:04:45,482 - Knowledge - INFO - Worker kw6 processing /app/data/kaviademo4200/40498/b0188jd/ImageJ-40498/ij/plugin/filter/Rotator.java
2025-11-07 08:04:45,571 - Knowledge - INFO - Worker kw1 processing /app/data/kaviademo4200/40498/b0188jd/ImageJ-40498/tests/data/BasicTable.txt
2025-11-07 08:04:45,704 - Knowledge - INFO - Worker kw2 processing /app/data/kaviademo4200/40498/b0188jd/ImageJ-40498/ij/macro/Interpreter.java
2025-11-07 08:04:45,785 - Knowledge - INFO - Worker kw3 processing /app/data/kaviademo4200/40498/b0188jd/ImageJ-40498/ij/gui/PolygonRoi.java
2025-11-07 08:04:45,885 - Knowledge - INFO - Worker kw4 processing /app/data/kaviademo4200/40498/b0188jd/ImageJ-40498/ij/plugin/Straightener.java
2025-11-07 08:04:45,975 - Knowledge - INFO - Fast-tracked /app/data/kaviademo4200/40498/b0188jd/ImageJ-40498/ij/plugin/Raw.java (ext=.java, size=1893)
2025-11-07 08:04:46,069 - Knowledge - INFO - Worker kw6 processing /app/data/kaviademo4200/40498/b0188jd/ImageJ-40498/ij/plugin/filter/Benchmark.java
2025-11-07 08:04:46,174 - Knowledge - INFO - Fast-tracked /app/data/kaviademo4200/40498/b0188jd/ImageJ-40498/tests/data/BasicTable.txt (ext=.txt, size=56)
2025-11-07 08:04:46,292 - Knowledge - INFO - Worker kw2 processing /app/data/kaviademo4200/40498/b0188jd/ImageJ-40498/ij/macro/ExtensionDescriptor.java
2025-11-07 08:04:46,400 - Knowledge - INFO - Worker kw3 processing /app/data/kaviademo4200/40498/b0188jd/ImageJ-40498/ij/gui/Overlay.java
2025-11-07 08:04:46,495 - Knowledge - INFO - Worker kw4 processing /app/data/kaviademo4200/40498/b0188jd/ImageJ-40498/ij/plugin/Filters3D.java
2025-11-07 08:04:46,607 - Knowledge - INFO - Worker kw5 processing /app/data/kaviademo4200/40498/b0188jd/ImageJ-40498/ij/plugin/FFTMath.java
2025-11-07 08:04:46,698 - Knowledge - INFO - Worker kw6 processing /app/data/kaviademo4200/40498/b0188jd/ImageJ-40498/ij/plugin/filter/RoiWriter.java
2025-11-07 08:04:46,816 - Knowledge - INFO - Worker kw1 processing /app/data/kaviademo4200/40498/b0188jd/ImageJ-40498/tests/data/BogusTable.txt
2025-11-07 08:04:46,918 - Knowledge - INFO - Worker kw2 processing /app/data/kaviademo4200/40498/b0188jd/ImageJ-40498/ij/macro/MacroRunner.java
2025-11-07 08:04:46,998 - Knowledge - INFO - Worker kw3 processing /app/data/kaviademo4200/40498/b0188jd/ImageJ-40498/ij/gui/ColorChooser.java
2025-11-07 08:04:47,113 - Knowledge - INFO - Worker kw4 processing /app/data/kaviademo4200/40498/b0188jd/ImageJ-40498/ij/plugin/StackPlotter.java
2025-11-07 08:04:47,184 - Knowledge - INFO - Worker kw5 processing /app/data/kaviademo4200/40498/b0188jd/ImageJ-40498/ij/plugin/Orthogonal_Views.java
2025-11-07 08:04:47,275 - Knowledge - INFO - Fast-tracked /app/data/kaviademo4200/40498/b0188jd/ImageJ-40498/ij/plugin/filter/RoiWriter.java (ext=.java, size=1257)
2025-11-07 08:04:47,356 - Knowledge - INFO - Fast-tracked /app/data/kaviademo4200/40498/b0188jd/ImageJ-40498/tests/data/BogusTable.txt (ext=.txt, size=21)
2025-11-07 08:04:47,428 - Knowledge - INFO - Worker kw2 processing /app/data/kaviademo4200/40498/b0188jd/ImageJ-40498/ij/macro/Variable.java
2025-11-07 08:04:47,505 - Knowledge - INFO - Worker kw3 processing /app/data/kaviademo4200/40498/b0188jd/ImageJ-40498/ij/gui/Roi.java
2025-11-07 08:04:47,589 - Knowledge - INFO - Worker kw4 processing /app/data/kaviademo4200/40498/b0188jd/ImageJ-40498/ij/plugin/StackReducer.java
2025-11-07 08:04:47,661 - Knowledge - INFO - Worker kw5 processing /app/data/kaviademo4200/40498/b0188jd/ImageJ-40498/ij/plugin/RoiEnlarger.java
2025-11-07 08:04:47,746 - Knowledge - INFO - Worker kw6 processing /app/data/kaviademo4200/40498/b0188jd/ImageJ-40498/ij/plugin/filter/LutViewer.java
2025-11-07 08:04:47,826 - Knowledge - INFO - Worker kw1 processing /app/data/kaviademo4200/40498/b0188jd/ImageJ-40498/tests/ij/io/Rgb48Format.java
2025-11-07 08:04:47,909 - Knowledge - INFO - Worker kw2 processing /app/data/kaviademo4200/40498/b0188jd/ImageJ-40498/ij/macro/Symbol.java
2025-11-07 08:04:47,989 - Knowledge - INFO - Worker kw3 processing /app/data/kaviademo4200/40498/b0188jd/ImageJ-40498/ij/gui/Wand.java
2025-11-07 08:04:48,058 - Knowledge - INFO - Worker kw4 processing /app/data/kaviademo4200/40498/b0188jd/ImageJ-40498/ij/plugin/MacroInstaller.java
2025-11-07 08:04:48,143 - Knowledge - INFO - Worker kw5 processing /app/data/kaviademo4200/40498/b0188jd/ImageJ-40498/ij/plugin/Scaler.java
2025-11-07 08:04:48,253 - Knowledge - INFO - Worker kw6 processing /app/data/kaviademo4200/40498/b0188jd/ImageJ-40498/ij/plugin/filter/PlugInFilterRunner.java
2025-11-07 08:04:48,340 - Knowledge - INFO - Fast-tracked /app/data/kaviademo4200/40498/b0188jd/ImageJ-40498/tests/ij/io/Rgb48Format.java (ext=.java, size=3586)
2025-11-07 08:04:48,430 - Knowledge - INFO - Fast-tracked /app/data/kaviademo4200/40498/b0188jd/ImageJ-40498/ij/macro/Symbol.java (ext=.java, size=923)
2025-11-07 08:04:48,501 - Knowledge - INFO - Worker kw3 processing /app/data/kaviademo4200/40498/b0188jd/ImageJ-40498/ij/gui/ProgressBar.java
2025-11-07 08:04:48,616 - Knowledge - INFO - Worker kw4 processing /app/data/kaviademo4200/40498/b0188jd/ImageJ-40498/ij/plugin/ChannelSplitter.java
2025-11-07 08:04:48,682 - Knowledge - INFO - Worker kw5 processing /app/data/kaviademo4200/40498/b0188jd/ImageJ-40498/ij/plugin/JavaScriptEvaluator.java
2025-11-07 08:04:48,771 - Knowledge - INFO - Worker kw6 processing /app/data/kaviademo4200/40498/b0188jd/ImageJ-40498/ij/plugin/filter/BackgroundSubtracter.java
2025-11-07 08:04:48,844 - Knowledge - INFO - Worker kw1 processing /app/data/kaviademo4200/40498/b0188jd/ImageJ-40498/tests/ij/io/Color8Format.java
2025-11-07 08:04:48,921 - Knowledge - INFO - Worker kw2 processing /app/data/kaviademo4200/40498/b0188jd/ImageJ-40498/ij/macro/FunctionFinder.java
2025-11-07 08:04:49,010 - Knowledge - INFO - Worker kw3 processing /app/data/kaviademo4200/40498/b0188jd/ImageJ-40498/ij/gui/HistogramWindow.java
2025-11-07 08:04:49,094 - Knowledge - INFO - Worker kw4 processing /app/data/kaviademo4200/40498/b0188jd/ImageJ-40498/ij/plugin/FFT.java
2025-11-07 08:04:49,197 - Knowledge - INFO - Worker kw5 processing /app/data/kaviademo4200/40498/b0188jd/ImageJ-40498/ij/plugin/Selection.java
2025-11-07 08:04:49,268 - Knowledge - INFO - Worker kw6 processing /app/data/kaviademo4200/40498/b0188jd/ImageJ-40498/ij/plugin/tool/RoiRotationTool.java
2025-11-07 08:04:49,347 - Knowledge - INFO - Fast-tracked /app/data/kaviademo4200/40498/b0188jd/ImageJ-40498/tests/ij/io/Color8Format.java (ext=.java, size=1592)
2025-11-07 08:04:49,470 - Knowledge - INFO - Worker kw2 processing /app/data/kaviademo4200/40498/b0188jd/ImageJ-40498/ij/macro/MacroException.java
2025-11-07 08:04:49,561 - Knowledge - INFO - Worker kw3 processing /app/data/kaviademo4200/40498/b0188jd/ImageJ-40498/ij/gui/DialogListener.java
2025-11-07 08:04:49,706 - Knowledge - INFO - Worker kw4 processing /app/data/kaviademo4200/40498/b0188jd/ImageJ-40498/ij/plugin/Distribution.java
2025-11-07 08:04:49,776 - Knowledge - INFO - Worker kw5 processing /app/data/kaviademo4200/40498/b0188jd/ImageJ-40498/ij/plugin/StackMaker.java
2025-11-07 08:04:49,923 - Knowledge - INFO - Worker kw6 processing /app/data/kaviademo4200/40498/b0188jd/ImageJ-40498/ij/plugin/tool/OverlayBrushTool.java
2025-11-07 08:04:50,014 - Knowledge - INFO - Worker kw1 processing /app/data/kaviademo4200/40498/b0188jd/ImageJ-40498/tests/ij/io/ImageWriterTest.java
2025-11-07 08:04:50,095 - Knowledge - INFO - Fast-tracked /app/data/kaviademo4200/40498/b0188jd/ImageJ-40498/ij/macro/MacroException.java (ext=.java, size=254)
2025-11-07 08:04:50,178 - Knowledge - INFO - Fast-tracked /app/data/kaviademo4200/40498/b0188jd/ImageJ-40498/ij/gui/DialogListener.java (ext=.java, size=1516)
2025-11-07 08:04:50,258 - Knowledge - INFO - Worker kw4 processing /app/data/kaviademo4200/40498/b0188jd/ImageJ-40498/ij/plugin/Clipboard.java
2025-11-07 08:04:50,383 - Knowledge - INFO - Worker kw5 processing /app/data/kaviademo4200/40498/b0188jd/ImageJ-40498/ij/plugin/MeasurementsWriter.java
2025-11-07 08:04:50,486 - Knowledge - INFO - Worker kw6 processing /app/data/kaviademo4200/40498/b0188jd/ImageJ-40498/ij/plugin/tool/PixelInspectionTool.java
2025-11-07 08:04:50,586 - Knowledge - INFO - Fast-tracked /app/data/kaviademo4200/40498/b0188jd/ImageJ-40498/tests/ij/io/ImageWriterTest.java (ext=.java, size=23904)
2025-11-07 08:04:50,666 - Knowledge - INFO - Worker kw2 processing /app/data/kaviademo4200/40498/b0188jd/ImageJ-40498/ij/macro/Functions.java
2025-11-07 08:04:50,964 - Knowledge - INFO - Fast-tracked /app/data/kaviademo4200/40498/b0188jd/ImageJ-40498/ij/plugin/MeasurementsWriter.java (ext=.java, size=1311)
2025-11-07 08:04:51,053 - Knowledge - INFO - Worker kw6 processing /app/data/kaviademo4200/40498/b0188jd/ImageJ-40498/ij/plugin/tool/BrushTool.java
2025-11-07 08:04:51,149 - Knowledge - INFO - Worker kw1 processing /app/data/kaviademo4200/40498/b0188jd/ImageJ-40498/tests/ij/io/ByteOrder.java
2025-11-07 08:04:51,241 - Knowledge - INFO - Fast-tracked /app/data/kaviademo4200/40498/b0188jd/ImageJ-40498/ij/macro/Functions.java (ext=.java, size=246759)
2025-11-07 08:04:51,574 - Knowledge - INFO - Fast-tracked /app/data/kaviademo4200/40498/b0188jd/ImageJ-40498/tests/ij/io/ByteOrder.java (ext=.java, size=125)
2025-11-07 08:04:51,650 - Knowledge - INFO - Worker kw2 processing /app/data/kaviademo4200/40498/b0188jd/ImageJ-40498/ij/macro/Debugger.java
2025-11-07 08:04:51,729 - Knowledge - INFO - Worker kw1 processing /app/data/kaviademo4200/40498/b0188jd/ImageJ-40498/tests/ij/io/Gray16UnsignedFormat.java
2025-11-07 08:04:51,860 - Knowledge - INFO - Fast-tracked /app/data/kaviademo4200/40498/b0188jd/ImageJ-40498/ij/macro/Debugger.java (ext=.java, size=222)
2025-11-07 08:04:51,979 - Knowledge - INFO - Fast-tracked /app/data/kaviademo4200/40498/b0188jd/ImageJ-40498/tests/ij/io/Gray16UnsignedFormat.java (ext=.java, size=2237)
2025-11-07 08:04:52,041 - Knowledge - INFO - Worker kw2 processing /app/data/kaviademo4200/40498/b0188jd/ImageJ-40498/ij/macro/StartupRunner.java
2025-11-07 08:04:52,161 - Knowledge - INFO - Worker kw1 processing /app/data/kaviademo4200/40498/b0188jd/ImageJ-40498/tests/ij/io/DirectoryChooserTest.java
2025-11-07 08:04:52,272 - Knowledge - INFO - Fast-tracked /app/data/kaviademo4200/40498/b0188jd/ImageJ-40498/ij/macro/StartupRunner.java (ext=.java, size=831)
2025-11-07 08:04:52,387 - Knowledge - INFO - Fast-tracked /app/data/kaviademo4200/40498/b0188jd/ImageJ-40498/tests/ij/io/DirectoryChooserTest.java (ext=.java, size=1025)
2025-11-07 08:04:52,460 - Knowledge - INFO - Worker kw2 processing /app/data/kaviademo4200/40498/b0188jd/ImageJ-40498/ij/macro/Tokenizer.java
2025-11-07 08:04:52,559 - Knowledge - INFO - Worker kw1 processing /app/data/kaviademo4200/40498/b0188jd/ImageJ-40498/tests/ij/io/PixelArranger.java
2025-11-07 08:04:52,679 - Knowledge - INFO - Worker kw2 processing /app/data/kaviademo4200/40498/b0188jd/ImageJ-40498/ij/macro/MacroConstants.java
2025-11-07 08:04:52,782 - Knowledge - INFO - Fast-tracked /app/data/kaviademo4200/40498/b0188jd/ImageJ-40498/tests/ij/io/PixelArranger.java (ext=.java, size=6148)
2025-11-07 08:04:52,885 - Knowledge - INFO - Worker kw2 processing /app/data/kaviademo4200/40498/b0188jd/ImageJ-40498/ij/macro/MacroExtension.java
2025-11-07 08:04:52,977 - Knowledge - INFO - Worker kw1 processing /app/data/kaviademo4200/40498/b0188jd/ImageJ-40498/tests/ij/io/Gray8Format.java
2025-11-07 08:04:53,071 - Knowledge - INFO - Fast-tracked /app/data/kaviademo4200/40498/b0188jd/ImageJ-40498/ij/macro/MacroExtension.java (ext=.java, size=406)
2025-11-07 08:04:53,174 - Knowledge - INFO - Fast-tracked /app/data/kaviademo4200/40498/b0188jd/ImageJ-40498/tests/ij/io/Gray8Format.java (ext=.java, size=1589)
2025-11-07 08:04:53,266 - Knowledge - INFO - Worker kw2 processing /app/data/kaviademo4200/40498/b0188jd/ImageJ-40498/ij/macro/ReturnException.java
2025-11-07 08:04:53,344 - Knowledge - INFO - Worker kw1 processing /app/data/kaviademo4200/40498/b0188jd/ImageJ-40498/tests/ij/io/PackbitsEncoderNaive.java
2025-11-07 08:04:53,441 - Knowledge - INFO - Fast-tracked /app/data/kaviademo4200/40498/b0188jd/ImageJ-40498/ij/macro/ReturnException.java (ext=.java, size=251)
2025-11-07 08:04:53,535 - Knowledge - INFO - Fast-tracked /app/data/kaviademo4200/40498/b0188jd/ImageJ-40498/tests/ij/io/PackbitsEncoderNaive.java (ext=.java, size=549)
2025-11-07 08:04:53,692 - Knowledge - INFO - Worker kw1 processing /app/data/kaviademo4200/40498/b0188jd/ImageJ-40498/tests/ij/io/BgrFormat.java
2025-11-07 08:04:53,873 - Knowledge - INFO - Fast-tracked /app/data/kaviademo4200/40498/b0188jd/ImageJ-40498/tests/ij/io/BgrFormat.java (ext=.java, size=1953)
2025-11-07 08:04:54,055 - Knowledge - INFO - Worker kw1 processing /app/data/kaviademo4200/40498/b0188jd/ImageJ-40498/tests/ij/io/RgbFormat.java
2025-11-07 08:04:54,238 - Knowledge - INFO - Fast-tracked /app/data/kaviademo4200/40498/b0188jd/ImageJ-40498/tests/ij/io/RgbFormat.java (ext=.java, size=2084)
2025-11-07 08:04:54,439 - Knowledge - INFO - Worker kw1 processing /app/data/kaviademo4200/40498/b0188jd/ImageJ-40498/tests/ij/io/Gray12UnsignedFormat.java
2025-11-07 08:04:54,604 - Knowledge - INFO - Fast-tracked /app/data/kaviademo4200/40498/b0188jd/ImageJ-40498/tests/ij/io/Gray12UnsignedFormat.java (ext=.java, size=1704)
2025-11-07 08:04:54,796 - Knowledge - INFO - Worker kw1 processing /app/data/kaviademo4200/40498/b0188jd/ImageJ-40498/tests/ij/io/Gray64FloatFormat.java
2025-11-07 08:04:54,967 - Knowledge - INFO - Fast-tracked /app/data/kaviademo4200/40498/b0188jd/ImageJ-40498/tests/ij/io/Gray64FloatFormat.java (ext=.java, size=2103)
2025-11-07 08:04:55,150 - Knowledge - INFO - Worker kw1 processing /app/data/kaviademo4200/40498/b0188jd/ImageJ-40498/tests/ij/io/FileInfoTest.java
2025-11-07 08:04:55,347 - Knowledge - INFO - Fast-tracked /app/data/kaviademo4200/40498/b0188jd/ImageJ-40498/tests/ij/io/FileInfoTest.java (ext=.java, size=10217)
2025-11-07 08:04:55,507 - Knowledge - INFO - Worker kw1 processing /app/data/kaviademo4200/40498/b0188jd/ImageJ-40498/tests/ij/io/Gray32IntFormat.java
2025-11-07 08:04:55,662 - Knowledge - INFO - Fast-tracked /app/data/kaviademo4200/40498/b0188jd/ImageJ-40498/tests/ij/io/Gray32IntFormat.java (ext=.java, size=1821)
2025-11-07 08:04:55,833 - Knowledge - INFO - Worker kw1 processing /app/data/kaviademo4200/40498/b0188jd/ImageJ-40498/tests/ij/io/RgbPlanarFormat.java
2025-11-07 08:04:56,021 - Knowledge - INFO - Fast-tracked /app/data/kaviademo4200/40498/b0188jd/ImageJ-40498/tests/ij/io/RgbPlanarFormat.java (ext=.java, size=1901)
2025-11-07 08:04:56,184 - Knowledge - INFO - Worker kw1 processing /app/data/kaviademo4200/40498/b0188jd/ImageJ-40498/tests/ij/io/JpegEncoder.java
2025-11-07 08:04:56,410 - Knowledge - INFO - Fast-tracked /app/data/kaviademo4200/40498/b0188jd/ImageJ-40498/tests/ij/io/JpegEncoder.java (ext=.java, size=855)
2025-11-07 08:04:56,578 - Knowledge - INFO - Worker kw1 processing /app/data/kaviademo4200/40498/b0188jd/ImageJ-40498/tests/ij/io/LzwDiffEncoder.java
2025-11-07 08:04:56,800 - Knowledge - INFO - Fast-tracked /app/data/kaviademo4200/40498/b0188jd/ImageJ-40498/tests/ij/io/LzwDiffEncoder.java (ext=.java, size=2080)
2025-11-07 08:04:56,987 - Knowledge - INFO - Worker kw1 processing /app/data/kaviademo4200/40498/b0188jd/ImageJ-40498/tests/ij/io/TwelveBitEncoder.java
2025-11-07 08:04:57,148 - Knowledge - INFO - Fast-tracked /app/data/kaviademo4200/40498/b0188jd/ImageJ-40498/tests/ij/io/TwelveBitEncoder.java (ext=.java, size=1125)
2025-11-07 08:04:57,335 - Knowledge - INFO - Worker kw1 processing /app/data/kaviademo4200/40498/b0188jd/ImageJ-40498/tests/ij/io/Images.java
2025-11-07 08:04:57,489 - Knowledge - INFO - Fast-tracked /app/data/kaviademo4200/40498/b0188jd/ImageJ-40498/tests/ij/io/Images.java (ext=.java, size=2951)
2025-11-07 08:04:57,725 - Knowledge - INFO - Worker kw1 processing /app/data/kaviademo4200/40498/b0188jd/ImageJ-40498/tests/ij/io/BitmapFormat.java
2025-11-07 08:04:57,878 - Knowledge - INFO - Fast-tracked /app/data/kaviademo4200/40498/b0188jd/ImageJ-40498/tests/ij/io/BitmapFormat.java (ext=.java, size=2246)
2025-11-07 08:04:58,034 - Knowledge - INFO - Worker kw1 processing /app/data/kaviademo4200/40498/b0188jd/ImageJ-40498/tests/ij/io/ImageReaderTest.java
2025-11-07 08:04:58,207 - Knowledge - INFO - Fast-tracked /app/data/kaviademo4200/40498/b0188jd/ImageJ-40498/tests/ij/io/ImageReaderTest.java (ext=.java, size=16912)
2025-11-07 08:04:58,419 - Knowledge - INFO - Worker kw1 processing /app/data/kaviademo4200/40498/b0188jd/ImageJ-40498/tests/ij/io/Gray32UnsignedFormat.java
2025-11-07 08:04:58,642 - Knowledge - INFO - Fast-tracked /app/data/kaviademo4200/40498/b0188jd/ImageJ-40498/tests/ij/io/Gray32UnsignedFormat.java (ext=.java, size=1836)
2025-11-07 08:04:58,822 - Knowledge - INFO - Worker kw1 processing /app/data/kaviademo4200/40498/b0188jd/ImageJ-40498/tests/ij/io/Rgb48PlanarFormat.java
2025-11-07 08:04:58,981 - Knowledge - INFO - Fast-tracked /app/data/kaviademo4200/40498/b0188jd/ImageJ-40498/tests/ij/io/Rgb48PlanarFormat.java (ext=.java, size=3004)
2025-11-07 08:04:59,132 - Knowledge - INFO - Worker kw1 processing /app/data/kaviademo4200/40498/b0188jd/ImageJ-40498/tests/ij/io/PackbitsEncoder.java
2025-11-07 08:04:59,329 - Knowledge - INFO - Fast-tracked /app/data/kaviademo4200/40498/b0188jd/ImageJ-40498/tests/ij/io/PackbitsEncoder.java (ext=.java, size=6039)
2025-11-07 08:04:59,479 - Knowledge - INFO - Worker kw1 processing /app/data/kaviademo4200/40498/b0188jd/ImageJ-40498/tests/ij/io/FileOpenerTest.java
2025-11-07 08:04:59,623 - Knowledge - INFO - Fast-tracked /app/data/kaviademo4200/40498/b0188jd/ImageJ-40498/tests/ij/io/FileOpenerTest.java (ext=.java, size=14565)
2025-11-07 08:04:59,785 - Knowledge - INFO - Worker kw1 processing /app/data/kaviademo4200/40498/b0188jd/ImageJ-40498/tests/ij/io/BitBufferTest.java
2025-11-07 08:04:59,965 - Knowledge - INFO - Fast-tracked /app/data/kaviademo4200/40498/b0188jd/ImageJ-40498/tests/ij/io/BitBufferTest.java (ext=.java, size=3222)
2025-11-07 08:05:00,171 - Knowledge - INFO - Worker kw1 processing /app/data/kaviademo4200/40498/b0188jd/ImageJ-40498/tests/ij/io/AbgrFormat.java
2025-11-07 08:05:00,370 - Knowledge - INFO - Fast-tracked /app/data/kaviademo4200/40498/b0188jd/ImageJ-40498/tests/ij/io/AbgrFormat.java (ext=.java, size=2172)
2025-11-07 08:05:00,528 - Knowledge - INFO - Worker kw1 processing /app/data/kaviademo4200/40498/b0188jd/ImageJ-40498/tests/ij/io/ArgbFormat.java
2025-11-07 08:05:00,719 - Knowledge - INFO - Fast-tracked /app/data/kaviademo4200/40498/b0188jd/ImageJ-40498/tests/ij/io/ArgbFormat.java (ext=.java, size=2567)
2025-11-07 08:05:00,916 - Knowledge - INFO - Worker kw1 processing /app/data/kaviademo4200/40498/b0188jd/ImageJ-40498/tests/ij/io/BargFormat.java
2025-11-07 08:05:01,084 - Knowledge - INFO - Fast-tracked /app/data/kaviademo4200/40498/b0188jd/ImageJ-40498/tests/ij/io/BargFormat.java (ext=.java, size=2242)
2025-11-07 08:05:01,235 - Knowledge - INFO - Worker kw1 processing /app/data/kaviademo4200/40498/b0188jd/ImageJ-40498/tests/ij/io/Gray16SignedFormat.java
2025-11-07 08:05:01,398 - Knowledge - INFO - Fast-tracked /app/data/kaviademo4200/40498/b0188jd/ImageJ-40498/tests/ij/io/Gray16SignedFormat.java (ext=.java, size=2332)
2025-11-07 08:05:01,547 - Knowledge - INFO - Worker kw1 processing /app/data/kaviademo4200/40498/b0188jd/ImageJ-40498/tests/ij/io/LzwEncoder.java
2025-11-07 08:05:01,710 - Knowledge - INFO - Fast-tracked /app/data/kaviademo4200/40498/b0188jd/ImageJ-40498/tests/ij/io/LzwEncoder.java (ext=.java, size=445)
2025-11-07 08:05:01,874 - Knowledge - INFO - Worker kw1 processing /app/data/kaviademo4200/40498/b0188jd/ImageJ-40498/tests/ij/io/PixelFormat.java
2025-11-07 08:05:02,072 - Knowledge - INFO - Fast-tracked /app/data/kaviademo4200/40498/b0188jd/ImageJ-40498/tests/ij/io/PixelFormat.java (ext=.java, size=1574)
2025-11-07 08:05:02,245 - Knowledge - INFO - Worker kw1 processing /app/data/kaviademo4200/40498/b0188jd/ImageJ-40498/tests/ij/io/Gray32FloatFormat.java
2025-11-07 08:05:02,434 - Knowledge - INFO - Fast-tracked /app/data/kaviademo4200/40498/b0188jd/ImageJ-40498/tests/ij/io/Gray32FloatFormat.java (ext=.java, size=2252)
2025-11-07 08:05:02,605 - Knowledge - INFO - Worker kw1 processing /app/data/kaviademo4200/40498/b0188jd/ImageJ-40498/tests/ij/io/Gray24UnsignedFormat.java
2025-11-07 08:05:02,781 - Knowledge - INFO - Fast-tracked /app/data/kaviademo4200/40498/b0188jd/ImageJ-40498/tests/ij/io/Gray24UnsignedFormat.java (ext=.java, size=1733)
2025-11-07 08:05:02,919 - Knowledge - INFO - Worker kw1 processing /app/data/kaviademo4200/40498/b0188jd/ImageJ-40498/tests/ij/io/RandomAccessStreamTest.java
2025-11-07 08:05:03,085 - Knowledge - INFO - Fast-tracked /app/data/kaviademo4200/40498/b0188jd/ImageJ-40498/tests/ij/io/RandomAccessStreamTest.java (ext=.java, size=13936)
2025-11-07 08:05:03,285 - Knowledge - INFO - Worker kw1 processing /app/data/kaviademo4200/40498/b0188jd/ImageJ-40498/tests/ij/ByteCreator.java
2025-11-07 08:05:03,462 - Knowledge - INFO - Fast-tracked /app/data/kaviademo4200/40498/b0188jd/ImageJ-40498/tests/ij/ByteCreator.java (ext=.java, size=1010)
2025-11-07 08:05:03,647 - Knowledge - INFO - Worker kw1 processing /app/data/kaviademo4200/40498/b0188jd/ImageJ-40498/tests/ij/macro/SymbolTest.java
2025-11-07 08:05:03,795 - Knowledge - INFO - Fast-tracked /app/data/kaviademo4200/40498/b0188jd/ImageJ-40498/tests/ij/macro/SymbolTest.java (ext=.java, size=1285)
2025-11-07 08:05:03,966 - Knowledge - INFO - Worker kw1 processing /app/data/kaviademo4200/40498/b0188jd/ImageJ-40498/tests/ij/macro/ReturnExceptionTest.java
2025-11-07 08:05:04,161 - Knowledge - INFO - Fast-tracked /app/data/kaviademo4200/40498/b0188jd/ImageJ-40498/tests/ij/macro/ReturnExceptionTest.java (ext=.java, size=266)
2025-11-07 08:05:04,305 - Knowledge - INFO - Worker kw1 processing /app/data/kaviademo4200/40498/b0188jd/ImageJ-40498/tests/ij/Assert.java
2025-11-07 08:05:04,500 - Knowledge - INFO - Fast-tracked /app/data/kaviademo4200/40498/b0188jd/ImageJ-40498/tests/ij/Assert.java (ext=.java, size=3369)
2025-11-07 08:05:04,717 - Knowledge - INFO - Worker kw1 processing /app/data/kaviademo4200/40498/b0188jd/ImageJ-40498/tests/ij/LookUpTableTest.java
2025-11-07 08:05:04,905 - Knowledge - INFO - Fast-tracked /app/data/kaviademo4200/40498/b0188jd/ImageJ-40498/tests/ij/LookUpTableTest.java (ext=.java, size=8801)
2025-11-07 08:05:05,075 - Knowledge - INFO - Worker kw1 processing /app/data/kaviademo4200/40498/b0188jd/ImageJ-40498/tests/ij/measure/CalibrationTest.java
2025-11-07 08:05:05,260 - Knowledge - INFO - Fast-tracked /app/data/kaviademo4200/40498/b0188jd/ImageJ-40498/tests/ij/measure/CalibrationTest.java (ext=.java, size=37879)
2025-11-07 08:05:05,477 - Knowledge - INFO - Worker kw1 processing /app/data/kaviademo4200/40498/b0188jd/ImageJ-40498/tests/ij/measure/ResultsTableTest.java
2025-11-07 08:05:05,653 - Knowledge - INFO - Fast-tracked /app/data/kaviademo4200/40498/b0188jd/ImageJ-40498/tests/ij/measure/ResultsTableTest.java (ext=.java, size=39595)
2025-11-07 08:05:05,810 - Knowledge - INFO - Worker kw1 processing /app/data/kaviademo4200/40498/b0188jd/ImageJ-40498/tests/ij/measure/SplineFitterTest.java
2025-11-07 08:05:06,026 - Knowledge - INFO - Fast-tracked /app/data/kaviademo4200/40498/b0188jd/ImageJ-40498/tests/ij/measure/SplineFitterTest.java (ext=.java, size=4077)
2025-11-07 08:05:06,224 - Knowledge - INFO - Worker kw1 processing /app/data/kaviademo4200/40498/b0188jd/ImageJ-40498/tests/ij/measure/CalibrationTools.java
2025-11-07 08:05:06,432 - Knowledge - INFO - Fast-tracked /app/data/kaviademo4200/40498/b0188jd/ImageJ-40498/tests/ij/measure/CalibrationTools.java (ext=.java, size=2003)
2025-11-07 08:05:06,593 - Knowledge - INFO - Worker kw1 processing /app/data/kaviademo4200/40498/b0188jd/ImageJ-40498/tests/ij/measure/MeasurementsTest.java
2025-11-07 08:05:06,782 - Knowledge - INFO - Fast-tracked /app/data/kaviademo4200/40498/b0188jd/ImageJ-40498/tests/ij/measure/MeasurementsTest.java (ext=.java, size=1372)
2025-11-07 08:05:06,954 - Knowledge - INFO - Worker kw1 processing /app/data/kaviademo4200/40498/b0188jd/ImageJ-40498/tests/ij/measure/CurveFitterTest.java
2025-11-07 08:05:07,127 - Knowledge - INFO - Fast-tracked /app/data/kaviademo4200/40498/b0188jd/ImageJ-40498/tests/ij/measure/CurveFitterTest.java (ext=.java, size=32449)
2025-11-07 08:05:07,294 - Knowledge - INFO - Worker kw1 processing /app/data/kaviademo4200/40498/b0188jd/ImageJ-40498/tests/ij/UndoTest.java
2025-11-07 08:05:07,469 - Knowledge - INFO - Fast-tracked /app/data/kaviademo4200/40498/b0188jd/ImageJ-40498/tests/ij/UndoTest.java (ext=.java, size=912)
2025-11-07 08:05:07,633 - Knowledge - INFO - Worker kw1 processing /app/data/kaviademo4200/40498/b0188jd/ImageJ-40498/tests/ij/CompositeImageTest.java
2025-11-07 08:05:07,850 - Knowledge - INFO - Fast-tracked /app/data/kaviademo4200/40498/b0188jd/ImageJ-40498/tests/ij/CompositeImageTest.java (ext=.java, size=32620)
2025-11-07 08:05:08,030 - Knowledge - INFO - Worker kw1 processing /app/data/kaviademo4200/40498/b0188jd/ImageJ-40498/tests/ij/util/StringSorterTest.java
2025-11-07 08:05:08,263 - Knowledge - INFO - Fast-tracked /app/data/kaviademo4200/40498/b0188jd/ImageJ-40498/tests/ij/util/StringSorterTest.java (ext=.java, size=1881)
2025-11-07 08:05:08,427 - Knowledge - INFO - Worker kw1 processing /app/data/kaviademo4200/40498/b0188jd/ImageJ-40498/tests/ij/util/ToolsTest.java
2025-11-07 08:05:08,612 - Knowledge - INFO - Fast-tracked /app/data/kaviademo4200/40498/b0188jd/ImageJ-40498/tests/ij/util/ToolsTest.java (ext=.java, size=12886)
2025-11-07 08:05:08,780 - Knowledge - INFO - Worker kw1 processing /app/data/kaviademo4200/40498/b0188jd/ImageJ-40498/tests/ij/ImageStackTest.java
2025-11-07 08:05:08,928 - Knowledge - INFO - Fast-tracked /app/data/kaviademo4200/40498/b0188jd/ImageJ-40498/tests/ij/ImageStackTest.java (ext=.java, size=18864)
2025-11-07 08:05:09,124 - Knowledge - INFO - Worker kw1 processing /app/data/kaviademo4200/40498/b0188jd/ImageJ-40498/tests/ij/ImageListenerTest.java
2025-11-07 08:05:09,293 - Knowledge - INFO - Fast-tracked /app/data/kaviademo4200/40498/b0188jd/ImageJ-40498/tests/ij/ImageListenerTest.java (ext=.java, size=609)
2025-11-07 08:05:09,445 - Knowledge - INFO - Worker kw1 processing /app/data/kaviademo4200/40498/b0188jd/ImageJ-40498/tests/ij/CommandListenerTest.java
2025-11-07 08:05:09,608 - Knowledge - INFO - Fast-tracked /app/data/kaviademo4200/40498/b0188jd/ImageJ-40498/tests/ij/CommandListenerTest.java (ext=.java, size=461)
2025-11-07 08:05:09,782 - Knowledge - INFO - Worker kw1 processing /app/data/kaviademo4200/40498/b0188jd/ImageJ-40498/tests/ij/ExecuterTest.java
2025-11-07 08:05:09,939 - Knowledge - INFO - Fast-tracked /app/data/kaviademo4200/40498/b0188jd/ImageJ-40498/tests/ij/ExecuterTest.java (ext=.java, size=5344)
2025-11-07 08:05:10,092 - Knowledge - INFO - Worker kw1 processing /app/data/kaviademo4200/40498/b0188jd/ImageJ-40498/tests/ij/gui/ProfilePlotTest.java
2025-11-07 08:05:10,266 - Knowledge - INFO - Fast-tracked /app/data/kaviademo4200/40498/b0188jd/ImageJ-40498/tests/ij/gui/ProfilePlotTest.java (ext=.java, size=2469)
2025-11-07 08:05:10,483 - Knowledge - INFO - Worker kw1 processing /app/data/kaviademo4200/40498/b0188jd/ImageJ-40498/tests/ij/gui/LineTest.java
2025-11-07 08:05:10,679 - Knowledge - INFO - Fast-tracked /app/data/kaviademo4200/40498/b0188jd/ImageJ-40498/tests/ij/gui/LineTest.java (ext=.java, size=12942)
2025-11-07 08:05:10,836 - Knowledge - INFO - Worker kw1 processing /app/data/kaviademo4200/40498/b0188jd/ImageJ-40498/tests/ij/gui/PointRoiTest.java
2025-11-07 08:05:10,989 - Knowledge - INFO - Fast-tracked /app/data/kaviademo4200/40498/b0188jd/ImageJ-40498/tests/ij/gui/PointRoiTest.java (ext=.java, size=10506)
2025-11-07 08:05:11,154 - Knowledge - INFO - Worker kw1 processing /app/data/kaviademo4200/40498/b0188jd/ImageJ-40498/tests/ij/gui/OvalRoiTest.java
2025-11-07 08:05:11,362 - Knowledge - INFO - Fast-tracked /app/data/kaviademo4200/40498/b0188jd/ImageJ-40498/tests/ij/gui/OvalRoiTest.java (ext=.java, size=8229)
2025-11-07 08:05:11,507 - Knowledge - INFO - Worker kw1 processing /app/data/kaviademo4200/40498/b0188jd/ImageJ-40498/tests/ij/gui/OverlayTest.java
2025-11-07 08:05:11,688 - Knowledge - INFO - Fast-tracked /app/data/kaviademo4200/40498/b0188jd/ImageJ-40498/tests/ij/gui/OverlayTest.java (ext=.java, size=3378)
2025-11-07 08:05:11,858 - Knowledge - INFO - Worker kw1 processing /app/data/kaviademo4200/40498/b0188jd/ImageJ-40498/tests/ij/gui/PolygonRoiTest.java
2025-11-07 08:05:12,035 - Knowledge - INFO - Fast-tracked /app/data/kaviademo4200/40498/b0188jd/ImageJ-40498/tests/ij/gui/PolygonRoiTest.java (ext=.java, size=31757)
2025-11-07 08:05:12,224 - Knowledge - INFO - Worker kw1 processing /app/data/kaviademo4200/40498/b0188jd/ImageJ-40498/tests/ij/gui/ProgressBarTest.java
2025-11-07 08:05:12,395 - Knowledge - INFO - Fast-tracked /app/data/kaviademo4200/40498/b0188jd/ImageJ-40498/tests/ij/gui/ProgressBarTest.java (ext=.java, size=1632)
2025-11-07 08:05:12,548 - Knowledge - INFO - Worker kw1 processing /app/data/kaviademo4200/40498/b0188jd/ImageJ-40498/tests/ij/gui/WandTest.java
2025-11-07 08:05:12,724 - Knowledge - INFO - Fast-tracked /app/data/kaviademo4200/40498/b0188jd/ImageJ-40498/tests/ij/gui/WandTest.java (ext=.java, size=7559)
2025-11-07 08:05:12,881 - Knowledge - INFO - Worker kw1 processing /app/data/kaviademo4200/40498/b0188jd/ImageJ-40498/tests/ij/gui/RoiTest.java
2025-11-07 08:05:13,035 - Knowledge - INFO - Fast-tracked /app/data/kaviademo4200/40498/b0188jd/ImageJ-40498/tests/ij/gui/RoiTest.java (ext=.java, size=41244)
2025-11-07 08:05:13,217 - Knowledge - INFO - Worker kw1 processing /app/data/kaviademo4200/40498/b0188jd/ImageJ-40498/tests/ij/gui/TrimmedButtonTest.java
2025-11-07 08:05:13,409 - Knowledge - INFO - Fast-tracked /app/data/kaviademo4200/40498/b0188jd/ImageJ-40498/tests/ij/gui/TrimmedButtonTest.java (ext=.java, size=979)
2025-11-07 08:05:13,589 - Knowledge - INFO - Worker kw1 processing /app/data/kaviademo4200/40498/b0188jd/ImageJ-40498/tests/ij/gui/RoiHelpers.java
2025-11-07 08:05:13,783 - Knowledge - INFO - Fast-tracked /app/data/kaviademo4200/40498/b0188jd/ImageJ-40498/tests/ij/gui/RoiHelpers.java (ext=.java, size=3661)
2025-11-07 08:05:13,960 - Knowledge - INFO - Worker kw1 processing /app/data/kaviademo4200/40498/b0188jd/ImageJ-40498/tests/ij/gui/ImageRoiTest.java
2025-11-07 08:05:14,120 - Knowledge - INFO - Fast-tracked /app/data/kaviademo4200/40498/b0188jd/ImageJ-40498/tests/ij/gui/ImageRoiTest.java (ext=.java, size=2748)
2025-11-07 08:05:14,318 - Knowledge - INFO - Worker kw1 processing /app/data/kaviademo4200/40498/b0188jd/ImageJ-40498/tests/ij/gui/ToolbarTest.java
2025-11-07 08:05:14,481 - Knowledge - INFO - Fast-tracked /app/data/kaviademo4200/40498/b0188jd/ImageJ-40498/tests/ij/gui/ToolbarTest.java (ext=.java, size=9165)
2025-11-07 08:05:14,639 - Knowledge - INFO - Worker kw1 processing /app/data/kaviademo4200/40498/b0188jd/ImageJ-40498/tests/ij/gui/ShapeRoiTest.java
2025-11-07 08:05:14,797 - Knowledge - INFO - Fast-tracked /app/data/kaviademo4200/40498/b0188jd/ImageJ-40498/tests/ij/gui/ShapeRoiTest.java (ext=.java, size=19324)
2025-11-07 08:05:14,975 - Knowledge - INFO - Worker kw1 processing /app/data/kaviademo4200/40498/b0188jd/ImageJ-40498/tests/ij/gui/ArrowTest.java
2025-11-07 08:05:15,207 - Knowledge - INFO - Fast-tracked /app/data/kaviademo4200/40498/b0188jd/ImageJ-40498/tests/ij/gui/ArrowTest.java (ext=.java, size=6474)
2025-11-07 08:05:15,372 - Knowledge - INFO - Worker kw1 processing /app/data/kaviademo4200/40498/b0188jd/ImageJ-40498/tests/ij/gui/FreehandRoiTest.java
2025-11-07 08:05:15,546 - Knowledge - INFO - Fast-tracked /app/data/kaviademo4200/40498/b0188jd/ImageJ-40498/tests/ij/gui/FreehandRoiTest.java (ext=.java, size=681)
2025-11-07 08:05:15,703 - Knowledge - INFO - Worker kw1 processing /app/data/kaviademo4200/40498/b0188jd/ImageJ-40498/tests/ij/gui/TextRoiTest.java
2025-11-07 08:05:15,866 - Knowledge - INFO - Fast-tracked /app/data/kaviademo4200/40498/b0188jd/ImageJ-40498/tests/ij/gui/TextRoiTest.java (ext=.java, size=6622)
2025-11-07 08:05:16,214 - Knowledge - INFO - Processing batch of 100 files
2025-11-07 08:05:16,411 - Knowledge - INFO - process ingested knowledge for /app/data/kaviademo4200/40498/b0188jd/ImageJ-40498/IJ_Props.txt
2025-11-07 08:05:16,616 - Knowledge - INFO - process ingested knowledge for /app/data/kaviademo4200/40498/b0188jd/ImageJ-40498/functions.html
2025-11-07 08:05:16,783 - Knowledge - INFO - process ingested knowledge for /app/data/kaviademo4200/40498/b0188jd/ImageJ-40498/release-notes.html
2025-11-07 08:05:16,952 - Knowledge - INFO - process ingested knowledge for /app/data/kaviademo4200/40498/b0188jd/ImageJ-40498/LICENSE.txt
2025-11-07 08:05:17,146 - Knowledge - INFO - process ingested knowledge for /app/data/kaviademo4200/40498/b0188jd/ImageJ-40498/applet.html
2025-11-07 08:05:17,298 - Knowledge - INFO - process ingested knowledge for /app/data/kaviademo4200/40498/b0188jd/ImageJ-40498/macros/ShowAllLuts.txt
2025-11-07 08:05:17,459 - Knowledge - INFO - process ingested knowledge for /app/data/kaviademo4200/40498/b0188jd/ImageJ-40498/macros/SmoothWandTool.txt
2025-11-07 08:05:17,663 - Knowledge - INFO - process ingested knowledge for /app/data/kaviademo4200/40498/b0188jd/ImageJ-40498/macros/Search.txt
2025-11-07 08:05:17,870 - Knowledge - INFO - process ingested knowledge for /app/data/kaviademo4200/40498/b0188jd/ImageJ-40498/macros/StacksMenuTool.txt
2025-11-07 08:05:18,035 - Knowledge - INFO - process ingested knowledge for /app/data/kaviademo4200/40498/b0188jd/ImageJ-40498/macros/StartupMacros.txt
2025-11-07 08:05:18,239 - Knowledge - INFO - process ingested knowledge for /app/data/kaviademo4200/40498/b0188jd/ImageJ-40498/macros/LUTMenuTool.txt
2025-11-07 08:05:18,400 - Knowledge - INFO - process ingested knowledge for /app/data/kaviademo4200/40498/b0188jd/ImageJ-40498/macros/MeasureStack.txt
2025-11-07 08:05:18,564 - Knowledge - INFO - process ingested knowledge for /app/data/kaviademo4200/40498/b0188jd/ImageJ-40498/macros/AddParticles.txt
2025-11-07 08:05:18,715 - Knowledge - INFO - process ingested knowledge for /app/data/kaviademo4200/40498/b0188jd/ImageJ-40498/macros/Overlay Editing Tools.txt
2025-11-07 08:05:18,879 - Knowledge - INFO - process ingested knowledge for /app/data/kaviademo4200/40498/b0188jd/ImageJ-40498/macros/SprayCanTool.txt
2025-11-07 08:05:19,071 - Knowledge - INFO - process ingested knowledge for /app/data/kaviademo4200/40498/b0188jd/ImageJ-40498/macros/ConvertStackToBinary.txt
2025-11-07 08:05:19,229 - Knowledge - INFO - process ingested knowledge for /app/data/kaviademo4200/40498/b0188jd/ImageJ-40498/macros/Circle_Tool.txt
2025-11-07 08:05:19,442 - Knowledge - INFO - process ingested knowledge for /app/data/kaviademo4200/40498/b0188jd/ImageJ-40498/macros/CommandFinderTool.txt
2025-11-07 08:05:19,637 - Knowledge - INFO - process ingested knowledge for /app/data/kaviademo4200/40498/b0188jd/ImageJ-40498/macros/MagicMontageTools.txt
2025-11-07 08:05:19,811 - Knowledge - INFO - process ingested knowledge for /app/data/kaviademo4200/40498/b0188jd/ImageJ-40498/macros/MoveSelection.txt
2025-11-07 08:05:20,000 - Knowledge - INFO - process ingested knowledge for /app/data/kaviademo4200/40498/b0188jd/ImageJ-40498/macros/Label_Tool.txt
2025-11-07 08:05:20,184 - Knowledge - INFO - process ingested knowledge for /app/data/kaviademo4200/40498/b0188jd/ImageJ-40498/macros/RoiMenuTool.txt
2025-11-07 08:05:20,338 - Knowledge - INFO - process ingested knowledge for /app/data/kaviademo4200/40498/b0188jd/ImageJ-40498/macros/DeveloperMenuTool.txt
2025-11-07 08:05:20,538 - Knowledge - INFO - process ingested knowledge for /app/data/kaviademo4200/40498/b0188jd/ImageJ-40498/macros/FloodFillTool.txt
2025-11-07 08:05:20,711 - Knowledge - INFO - process ingested knowledge for /app/data/kaviademo4200/40498/b0188jd/ImageJ-40498/macros/InvertAllLuts.txt
2025-11-07 08:05:20,911 - Knowledge - INFO - process ingested knowledge for /app/data/kaviademo4200/40498/b0188jd/ImageJ-40498/README.md
2025-11-07 08:05:21,055 - Knowledge - INFO - process ingested knowledge for /app/data/kaviademo4200/40498/b0188jd/ImageJ-40498/tests/data/BasicTable.txt
2025-11-07 08:05:21,234 - Knowledge - INFO - process ingested knowledge for /app/data/kaviademo4200/40498/b0188jd/ImageJ-40498/tests/data/BogusTable.txt
2025-11-07 08:05:21,415 - Knowledge - INFO - process ingested knowledge for /app/data/kaviademo4200/40498/b0188jd/ImageJ-40498/tests/ij/io/Rgb48Format.java
2025-11-07 08:05:21,617 - Knowledge - INFO - process ingested knowledge for /app/data/kaviademo4200/40498/b0188jd/ImageJ-40498/tests/ij/io/Color8Format.java
2025-11-07 08:05:21,833 - Knowledge - INFO - process ingested knowledge for /app/data/kaviademo4200/40498/b0188jd/ImageJ-40498/tests/ij/io/ImageWriterTest.java
2025-11-07 08:05:22,021 - Knowledge - INFO - process ingested knowledge for /app/data/kaviademo4200/40498/b0188jd/ImageJ-40498/tests/ij/io/ByteOrder.java
2025-11-07 08:05:22,204 - Knowledge - INFO - process ingested knowledge for /app/data/kaviademo4200/40498/b0188jd/ImageJ-40498/tests/ij/io/Gray16UnsignedFormat.java
2025-11-07 08:05:22,396 - Knowledge - INFO - process ingested knowledge for /app/data/kaviademo4200/40498/b0188jd/ImageJ-40498/tests/ij/io/DirectoryChooserTest.java
2025-11-07 08:05:22,558 - Knowledge - INFO - process ingested knowledge for /app/data/kaviademo4200/40498/b0188jd/ImageJ-40498/tests/ij/io/PixelArranger.java
2025-11-07 08:05:22,732 - Knowledge - INFO - process ingested knowledge for /app/data/kaviademo4200/40498/b0188jd/ImageJ-40498/tests/ij/io/Gray8Format.java
2025-11-07 08:05:22,927 - Knowledge - INFO - process ingested knowledge for /app/data/kaviademo4200/40498/b0188jd/ImageJ-40498/tests/ij/io/PackbitsEncoderNaive.java
2025-11-07 08:05:23,076 - Knowledge - INFO - process ingested knowledge for /app/data/kaviademo4200/40498/b0188jd/ImageJ-40498/tests/ij/io/BgrFormat.java
2025-11-07 08:05:23,237 - Knowledge - INFO - process ingested knowledge for /app/data/kaviademo4200/40498/b0188jd/ImageJ-40498/tests/ij/io/RgbFormat.java
2025-11-07 08:05:23,398 - Knowledge - INFO - process ingested knowledge for /app/data/kaviademo4200/40498/b0188jd/ImageJ-40498/tests/ij/io/Gray12UnsignedFormat.java
2025-11-07 08:05:23,582 - Knowledge - INFO - process ingested knowledge for /app/data/kaviademo4200/40498/b0188jd/ImageJ-40498/tests/ij/io/Gray64FloatFormat.java
2025-11-07 08:05:23,774 - Knowledge - INFO - process ingested knowledge for /app/data/kaviademo4200/40498/b0188jd/ImageJ-40498/tests/ij/io/FileInfoTest.java
2025-11-07 08:05:23,994 - Knowledge - INFO - process ingested knowledge for /app/data/kaviademo4200/40498/b0188jd/ImageJ-40498/tests/ij/io/Gray32IntFormat.java
2025-11-07 08:05:24,138 - Knowledge - INFO - process ingested knowledge for /app/data/kaviademo4200/40498/b0188jd/ImageJ-40498/tests/ij/io/RgbPlanarFormat.java
2025-11-07 08:05:24,340 - Knowledge - INFO - process ingested knowledge for /app/data/kaviademo4200/40498/b0188jd/ImageJ-40498/tests/ij/io/JpegEncoder.java
2025-11-07 08:05:24,503 - Knowledge - INFO - process ingested knowledge for /app/data/kaviademo4200/40498/b0188jd/ImageJ-40498/tests/ij/io/LzwDiffEncoder.java
2025-11-07 08:05:24,664 - Knowledge - INFO - process ingested knowledge for /app/data/kaviademo4200/40498/b0188jd/ImageJ-40498/tests/ij/io/TwelveBitEncoder.java
2025-11-07 08:05:24,814 - Knowledge - INFO - process ingested knowledge for /app/data/kaviademo4200/40498/b0188jd/ImageJ-40498/tests/ij/io/Images.java
2025-11-07 08:05:25,012 - Knowledge - INFO - process ingested knowledge for /app/data/kaviademo4200/40498/b0188jd/ImageJ-40498/tests/ij/io/BitmapFormat.java
2025-11-07 08:05:25,212 - Knowledge - INFO - process ingested knowledge for /app/data/kaviademo4200/40498/b0188jd/ImageJ-40498/tests/ij/io/ImageReaderTest.java
2025-11-07 08:05:25,467 - Knowledge - INFO - process ingested knowledge for /app/data/kaviademo4200/40498/b0188jd/ImageJ-40498/tests/ij/io/Gray32UnsignedFormat.java
2025-11-07 08:05:25,617 - Knowledge - INFO - process ingested knowledge for /app/data/kaviademo4200/40498/b0188jd/ImageJ-40498/tests/ij/io/Rgb48PlanarFormat.java
2025-11-07 08:05:25,818 - Knowledge - INFO - process ingested knowledge for /app/data/kaviademo4200/40498/b0188jd/ImageJ-40498/tests/ij/io/PackbitsEncoder.java
2025-11-07 08:05:25,997 - Knowledge - INFO - process ingested knowledge for /app/data/kaviademo4200/40498/b0188jd/ImageJ-40498/tests/ij/io/FileOpenerTest.java
2025-11-07 08:05:26,167 - Knowledge - INFO - process ingested knowledge for /app/data/kaviademo4200/40498/b0188jd/ImageJ-40498/tests/ij/io/BitBufferTest.java
2025-11-07 08:05:26,325 - Knowledge - INFO - process ingested knowledge for /app/data/kaviademo4200/40498/b0188jd/ImageJ-40498/tests/ij/io/AbgrFormat.java
2025-11-07 08:05:26,506 - Knowledge - INFO - process ingested knowledge for /app/data/kaviademo4200/40498/b0188jd/ImageJ-40498/tests/ij/io/ArgbFormat.java
2025-11-07 08:05:26,658 - Knowledge - INFO - process ingested knowledge for /app/data/kaviademo4200/40498/b0188jd/ImageJ-40498/tests/ij/io/BargFormat.java
2025-11-07 08:05:26,836 - Knowledge - INFO - process ingested knowledge for /app/data/kaviademo4200/40498/b0188jd/ImageJ-40498/tests/ij/io/Gray16SignedFormat.java
2025-11-07 08:05:27,018 - Knowledge - INFO - process ingested knowledge for /app/data/kaviademo4200/40498/b0188jd/ImageJ-40498/tests/ij/io/LzwEncoder.java
2025-11-07 08:05:27,169 - Knowledge - INFO - process ingested knowledge for /app/data/kaviademo4200/40498/b0188jd/ImageJ-40498/tests/ij/io/PixelFormat.java
2025-11-07 08:05:27,347 - Knowledge - INFO - process ingested knowledge for /app/data/kaviademo4200/40498/b0188jd/ImageJ-40498/tests/ij/io/Gray32FloatFormat.java
2025-11-07 08:05:27,525 - Knowledge - INFO - process ingested knowledge for /app/data/kaviademo4200/40498/b0188jd/ImageJ-40498/tests/ij/io/Gray24UnsignedFormat.java
2025-11-07 08:05:27,706 - Knowledge - INFO - process ingested knowledge for /app/data/kaviademo4200/40498/b0188jd/ImageJ-40498/tests/ij/io/RandomAccessStreamTest.java
2025-11-07 08:05:27,850 - Knowledge - INFO - process ingested knowledge for /app/data/kaviademo4200/40498/b0188jd/ImageJ-40498/tests/ij/ByteCreator.java
2025-11-07 08:05:28,007 - Knowledge - INFO - process ingested knowledge for /app/data/kaviademo4200/40498/b0188jd/ImageJ-40498/tests/ij/macro/SymbolTest.java
2025-11-07 08:05:28,169 - Knowledge - INFO - process ingested knowledge for /app/data/kaviademo4200/40498/b0188jd/ImageJ-40498/tests/ij/macro/ReturnExceptionTest.java
2025-11-07 08:05:28,346 - Knowledge - INFO - process ingested knowledge for /app/data/kaviademo4200/40498/b0188jd/ImageJ-40498/tests/ij/Assert.java
2025-11-07 08:05:28,540 - Knowledge - INFO - process ingested knowledge for /app/data/kaviademo4200/40498/b0188jd/ImageJ-40498/tests/ij/LookUpTableTest.java
2025-11-07 08:05:28,708 - Knowledge - INFO - process ingested knowledge for /app/data/kaviademo4200/40498/b0188jd/ImageJ-40498/tests/ij/measure/CalibrationTest.java
2025-11-07 08:05:28,909 - Knowledge - INFO - process ingested knowledge for /app/data/kaviademo4200/40498/b0188jd/ImageJ-40498/tests/ij/measure/ResultsTableTest.java
2025-11-07 08:05:29,064 - Knowledge - INFO - process ingested knowledge for /app/data/kaviademo4200/40498/b0188jd/ImageJ-40498/tests/ij/measure/SplineFitterTest.java
2025-11-07 08:05:29,236 - Knowledge - INFO - process ingested knowledge for /app/data/kaviademo4200/40498/b0188jd/ImageJ-40498/tests/ij/measure/CalibrationTools.java
2025-11-07 08:05:29,416 - Knowledge - INFO - process ingested knowledge for /app/data/kaviademo4200/40498/b0188jd/ImageJ-40498/tests/ij/measure/MeasurementsTest.java
2025-11-07 08:05:29,572 - Knowledge - INFO - process ingested knowledge for /app/data/kaviademo4200/40498/b0188jd/ImageJ-40498/tests/ij/measure/CurveFitterTest.java
2025-11-07 08:05:29,776 - Knowledge - INFO - process ingested knowledge for /app/data/kaviademo4200/40498/b0188jd/ImageJ-40498/tests/ij/UndoTest.java
2025-11-07 08:05:29,930 - Knowledge - INFO - process ingested knowledge for /app/data/kaviademo4200/40498/b0188jd/ImageJ-40498/tests/ij/CompositeImageTest.java
2025-11-07 08:05:30,122 - Knowledge - INFO - process ingested knowledge for /app/data/kaviademo4200/40498/b0188jd/ImageJ-40498/tests/ij/util/StringSorterTest.java
2025-11-07 08:05:30,297 - Knowledge - INFO - process ingested knowledge for /app/data/kaviademo4200/40498/b0188jd/ImageJ-40498/tests/ij/util/ToolsTest.java
2025-11-07 08:05:30,529 - Knowledge - INFO - process ingested knowledge for /app/data/kaviademo4200/40498/b0188jd/ImageJ-40498/tests/ij/ImageStackTest.java
2025-11-07 08:05:30,710 - Knowledge - INFO - process ingested knowledge for /app/data/kaviademo4200/40498/b0188jd/ImageJ-40498/tests/ij/ImageListenerTest.java
2025-11-07 08:05:30,871 - Knowledge - INFO - process ingested knowledge for /app/data/kaviademo4200/40498/b0188jd/ImageJ-40498/tests/ij/CommandListenerTest.java
2025-11-07 08:05:31,088 - Knowledge - INFO - process ingested knowledge for /app/data/kaviademo4200/40498/b0188jd/ImageJ-40498/tests/ij/ExecuterTest.java
2025-11-07 08:05:31,299 - Knowledge - INFO - process ingested knowledge for /app/data/kaviademo4200/40498/b0188jd/ImageJ-40498/tests/ij/gui/ProfilePlotTest.java
2025-11-07 08:05:31,454 - Knowledge - INFO - process ingested knowledge for /app/data/kaviademo4200/40498/b0188jd/ImageJ-40498/tests/ij/gui/LineTest.java
2025-11-07 08:05:31,642 - Knowledge - INFO - process ingested knowledge for /app/data/kaviademo4200/40498/b0188jd/ImageJ-40498/tests/ij/gui/PointRoiTest.java
2025-11-07 08:05:31,805 - Knowledge - INFO - process ingested knowledge for /app/data/kaviademo4200/40498/b0188jd/ImageJ-40498/tests/ij/gui/OvalRoiTest.java
2025-11-07 08:05:32,012 - Knowledge - INFO - process ingested knowledge for /app/data/kaviademo4200/40498/b0188jd/ImageJ-40498/tests/ij/gui/OverlayTest.java
2025-11-07 08:05:32,235 - Knowledge - INFO - process ingested knowledge for /app/data/kaviademo4200/40498/b0188jd/ImageJ-40498/tests/ij/gui/PolygonRoiTest.java
2025-11-07 08:05:32,382 - Knowledge - INFO - process ingested knowledge for /app/data/kaviademo4200/40498/b0188jd/ImageJ-40498/tests/ij/gui/ProgressBarTest.java
2025-11-07 08:05:32,543 - Knowledge - INFO - process ingested knowledge for /app/data/kaviademo4200/40498/b0188jd/ImageJ-40498/tests/ij/gui/WandTest.java
2025-11-07 08:05:32,716 - Knowledge - INFO - process ingested knowledge for /app/data/kaviademo4200/40498/b0188jd/ImageJ-40498/tests/ij/gui/RoiTest.java
2025-11-07 08:05:32,905 - Knowledge - INFO - process ingested knowledge for /app/data/kaviademo4200/40498/b0188jd/ImageJ-40498/tests/ij/gui/TrimmedButtonTest.java
2025-11-07 08:05:33,094 - Knowledge - INFO - process ingested knowledge for /app/data/kaviademo4200/40498/b0188jd/ImageJ-40498/tests/ij/gui/RoiHelpers.java
2025-11-07 08:05:33,285 - Knowledge - INFO - process ingested knowledge for /app/data/kaviademo4200/40498/b0188jd/ImageJ-40498/tests/ij/gui/ImageRoiTest.java
2025-11-07 08:05:33,445 - Knowledge - INFO - process ingested knowledge for /app/data/kaviademo4200/40498/b0188jd/ImageJ-40498/tests/ij/gui/ToolbarTest.java
2025-11-07 08:05:33,590 - Knowledge - INFO - process ingested knowledge for /app/data/kaviademo4200/40498/b0188jd/ImageJ-40498/tests/ij/gui/ShapeRoiTest.java
2025-11-07 08:05:33,748 - Knowledge - INFO - process ingested knowledge for /app/data/kaviademo4200/40498/b0188jd/ImageJ-40498/tests/ij/gui/ArrowTest.java
2025-11-07 08:05:33,914 - Knowledge - INFO - process ingested knowledge for /app/data/kaviademo4200/40498/b0188jd/ImageJ-40498/tests/ij/gui/FreehandRoiTest.java
2025-11-07 08:05:34,085 - Knowledge - INFO - process ingested knowledge for /app/data/kaviademo4200/40498/b0188jd/ImageJ-40498/tests/ij/gui/TextRoiTest.java
2025-11-07 08:05:42,483 - Knowledge - INFO - [WEBSOCKET] Sent: Type=progress_update, Size: 293, Duration: 0ms
2025-11-07 08:05:42,642 - Knowledge - INFO - [WEBSOCKET] Sent: Type=unknown, Size: ?, Duration: 159ms
2025-11-07 08:05:42,831 - Knowledge - INFO - Progress: 21.4% | Files: 101/471 | Rate: 0.85 files/sec | Queue: 0
2025-11-07 08:06:20,348 - Knowledge - ERROR - Timeout processing /app/data/kaviademo4200/40498/b0188jd/ImageJ-40498/ij/plugin/frame/Fitter.java after 90s
2025-11-07 08:06:20,514 - Knowledge - ERROR - Timeout processing /app/data/kaviademo4200/40498/b0188jd/ImageJ-40498/ij/plugin/frame/MemoryMonitor.java after 90s
2025-11-07 08:06:20,665 - Knowledge - ERROR - Timeout processing /app/data/kaviademo4200/40498/b0188jd/ImageJ-40498/ij/plugin/frame/PasteController.java after 90s
2025-11-07 08:06:20,823 - Knowledge - ERROR - Timeout processing /app/data/kaviademo4200/40498/b0188jd/ImageJ-40498/ij/plugin/frame/RoiManager.java after 90s
2025-11-07 08:06:21,017 - Knowledge - ERROR - Timeout processing /app/data/kaviademo4200/40498/b0188jd/ImageJ-40498/ij/plugin/frame/ColorPicker.java after 90s
2025-11-07 08:06:21,200 - Knowledge - ERROR - Timeout processing /app/data/kaviademo4200/40498/b0188jd/ImageJ-40498/ij/plugin/frame/ColorThresholder.java after 90s
2025-11-07 08:06:21,363 - Knowledge - ERROR - Timeout processing /app/data/kaviademo4200/40498/b0188jd/ImageJ-40498/ij/plugin/frame/Editor.java after 90s
2025-11-07 08:06:21,519 - Knowledge - ERROR - Timeout processing /app/data/kaviademo4200/40498/b0188jd/ImageJ-40498/ij/plugin/frame/ThresholdAdjuster.java after 90s
2025-11-07 08:06:21,653 - Knowledge - ERROR - Timeout processing /app/data/kaviademo4200/40498/b0188jd/ImageJ-40498/ij/process/FloatPolygon.java after 90s
2025-11-07 08:06:21,718 - Knowledge - ERROR - Timeout processing /app/data/kaviademo4200/40498/b0188jd/ImageJ-40498/ij/plugin/Animator.java after 90s
2025-11-07 08:06:21,820 - Knowledge - ERROR - Timeout processing /app/data/kaviademo4200/40498/b0188jd/ImageJ-40498/ij/process/ImageStatistics.java after 90s
2025-11-07 08:06:21,887 - Knowledge - ERROR - Timeout processing /app/data/kaviademo4200/40498/b0188jd/ImageJ-40498/ij/plugin/Benchmark.java after 90s
2025-11-07 08:06:22,019 - Knowledge - ERROR - Timeout processing /app/data/kaviademo4200/40498/b0188jd/ImageJ-40498/ij/process/FloatStatistics.java after 90s
2025-11-07 08:06:22,102 - Knowledge - ERROR - Timeout processing /app/data/kaviademo4200/40498/b0188jd/ImageJ-40498/ij/plugin/CompositeConverter.java after 90s
2025-11-07 08:06:22,224 - Knowledge - ERROR - Timeout processing /app/data/kaviademo4200/40498/b0188jd/ImageJ-40498/ij/process/StackStatistics.java after 90s
2025-11-07 08:06:22,334 - Knowledge - ERROR - Timeout processing /app/data/kaviademo4200/40498/b0188jd/ImageJ-40498/ij/plugin/ChannelArranger.java after 90s
2025-11-07 08:06:22,417 - Knowledge - ERROR - Timeout processing /app/data/kaviademo4200/40498/b0188jd/ImageJ-40498/ij/process/LUT.java after 90s
2025-11-07 08:06:22,509 - Knowledge - ERROR - Timeout processing /app/data/kaviademo4200/40498/b0188jd/ImageJ-40498/ij/plugin/GaussianBlur3D.java after 90s
2025-11-07 08:06:22,641 - Knowledge - ERROR - Timeout processing /app/data/kaviademo4200/40498/b0188jd/ImageJ-40498/ij/process/BinaryProcessor.java after 90s
2025-11-07 08:06:22,731 - Knowledge - ERROR - Timeout processing /app/data/kaviademo4200/40498/b0188jd/ImageJ-40498/ij/plugin/PNM_Writer.java after 90s
2025-11-07 08:06:22,839 - Knowledge - ERROR - Timeout processing /app/data/kaviademo4200/40498/b0188jd/ImageJ-40498/ij/process/ColorBlitter.java after 90s
2025-11-07 08:06:22,992 - Knowledge - ERROR - Timeout processing /app/data/kaviademo4200/40498/b0188jd/ImageJ-40498/ij/plugin/CommandFinder.java after 90s
2025-11-07 08:06:23,066 - Knowledge - ERROR - Timeout processing /app/data/kaviademo4200/40498/b0188jd/ImageJ-40498/ij/process/AutoThresholder.java after 90s
2025-11-07 08:06:23,168 - Knowledge - ERROR - Timeout processing /app/data/kaviademo4200/40498/b0188jd/ImageJ-40498/ij/plugin/Duplicator.java after 90s
2025-11-07 08:06:23,243 - Knowledge - ERROR - Timeout processing /app/data/kaviademo4200/40498/b0188jd/ImageJ-40498/ij/process/ImageProcessor.java after 90s
2025-11-07 08:06:23,360 - Knowledge - ERROR - Timeout processing /app/data/kaviademo4200/40498/b0188jd/ImageJ-40498/ij/plugin/Hotkeys.java after 90s
2025-11-07 08:06:23,483 - Knowledge - ERROR - Timeout processing /app/data/kaviademo4200/40498/b0188jd/ImageJ-40498/ij/process/ColorSpaceConverter.java after 90s
2025-11-07 08:06:23,555 - Knowledge - ERROR - Timeout processing /app/data/kaviademo4200/40498/b0188jd/ImageJ-40498/ij/plugin/CircularRoiMaker.java after 90s
2025-11-07 08:06:23,632 - Knowledge - ERROR - Timeout processing /app/data/kaviademo4200/40498/b0188jd/ImageJ-40498/ij/process/ImageConverter.java after 90s
2025-11-07 08:06:23,702 - Knowledge - WARNING - File /app/data/kaviademo4200/40498/b0188jd/ImageJ-40498/ij/plugin/frame/Fitter.java not successfully processed
2025-11-07 08:06:23,825 - Knowledge - ERROR - Timeout processing /app/data/kaviademo4200/40498/b0188jd/ImageJ-40498/ij/process/IntProcessor.java after 90s
2025-11-07 08:06:24,000 - Knowledge - WARNING - File /app/data/kaviademo4200/40498/b0188jd/ImageJ-40498/ij/plugin/frame/MemoryMonitor.java not successfully processed
2025-11-07 08:06:24,068 - Knowledge - ERROR - Timeout processing /app/data/kaviademo4200/40498/b0188jd/ImageJ-40498/ij/process/ShortStatistics.java after 90s
2025-11-07 08:06:24,190 - Knowledge - WARNING - File /app/data/kaviademo4200/40498/b0188jd/ImageJ-40498/ij/plugin/frame/PasteController.java not successfully processed
2025-11-07 08:06:24,319 - Knowledge - ERROR - Timeout processing /app/data/kaviademo4200/40498/b0188jd/ImageJ-40498/ij/process/DownsizeTable.java after 90s
2025-11-07 08:06:24,394 - Knowledge - WARNING - File /app/data/kaviademo4200/40498/b0188jd/ImageJ-40498/ij/plugin/frame/RoiManager.java not successfully processed
2025-11-07 08:06:24,485 - Knowledge - ERROR - Timeout processing /app/data/kaviademo4200/40498/b0188jd/ImageJ-40498/ij/process/ColorProcessor.java after 90s
2025-11-07 08:06:24,569 - Knowledge - WARNING - File /app/data/kaviademo4200/40498/b0188jd/ImageJ-40498/ij/plugin/frame/ColorPicker.java not successfully processed
2025-11-07 08:06:24,673 - Knowledge - ERROR - Timeout processing /app/data/kaviademo4200/40498/b0188jd/ImageJ-40498/ij/process/ByteStatistics.java after 90s
2025-11-07 08:06:24,780 - Knowledge - WARNING - File /app/data/kaviademo4200/40498/b0188jd/ImageJ-40498/ij/plugin/frame/ColorThresholder.java not successfully processed
2025-11-07 08:06:24,882 - Knowledge - WARNING - File /app/data/kaviademo4200/40498/b0188jd/ImageJ-40498/ij/process/FloatPolygon.java not successfully processed
2025-11-07 08:06:24,967 - Knowledge - WARNING - File /app/data/kaviademo4200/40498/b0188jd/ImageJ-40498/ij/plugin/frame/Editor.java not successfully processed
2025-11-07 08:06:25,047 - Knowledge - WARNING - File /app/data/kaviademo4200/40498/b0188jd/ImageJ-40498/ij/process/ImageStatistics.java not successfully processed
2025-11-07 08:06:25,177 - Knowledge - WARNING - File /app/data/kaviademo4200/40498/b0188jd/ImageJ-40498/ij/plugin/frame/ThresholdAdjuster.java not successfully processed
2025-11-07 08:06:25,247 - Knowledge - WARNING - File /app/data/kaviademo4200/40498/b0188jd/ImageJ-40498/ij/process/FloatStatistics.java not successfully processed
2025-11-07 08:06:25,369 - Knowledge - WARNING - File /app/data/kaviademo4200/40498/b0188jd/ImageJ-40498/ij/plugin/Animator.java not successfully processed
2025-11-07 08:06:25,472 - Knowledge - WARNING - File /app/data/kaviademo4200/40498/b0188jd/ImageJ-40498/ij/process/StackStatistics.java not successfully processed
2025-11-07 08:06:25,560 - Knowledge - WARNING - File /app/data/kaviademo4200/40498/b0188jd/ImageJ-40498/ij/plugin/Benchmark.java not successfully processed
2025-11-07 08:06:25,645 - Knowledge - WARNING - File /app/data/kaviademo4200/40498/b0188jd/ImageJ-40498/ij/process/LUT.java not successfully processed
2025-11-07 08:06:25,720 - Knowledge - WARNING - File /app/data/kaviademo4200/40498/b0188jd/ImageJ-40498/ij/plugin/CompositeConverter.java not successfully processed
2025-11-07 08:06:25,800 - Knowledge - WARNING - File /app/data/kaviademo4200/40498/b0188jd/ImageJ-40498/ij/process/BinaryProcessor.java not successfully processed
2025-11-07 08:06:25,867 - Knowledge - WARNING - File /app/data/kaviademo4200/40498/b0188jd/ImageJ-40498/ij/plugin/ChannelArranger.java not successfully processed
2025-11-07 08:06:25,997 - Knowledge - WARNING - File /app/data/kaviademo4200/40498/b0188jd/ImageJ-40498/ij/process/ColorBlitter.java not successfully processed
2025-11-07 08:06:26,089 - Knowledge - WARNING - File /app/data/kaviademo4200/40498/b0188jd/ImageJ-40498/ij/plugin/GaussianBlur3D.java not successfully processed
2025-11-07 08:06:26,174 - Knowledge - WARNING - File /app/data/kaviademo4200/40498/b0188jd/ImageJ-40498/ij/process/AutoThresholder.java not successfully processed
2025-11-07 08:06:26,292 - Knowledge - WARNING - File /app/data/kaviademo4200/40498/b0188jd/ImageJ-40498/ij/plugin/PNM_Writer.java not successfully processed
2025-11-07 08:06:26,396 - Knowledge - WARNING - File /app/data/kaviademo4200/40498/b0188jd/ImageJ-40498/ij/process/ImageProcessor.java not successfully processed
2025-11-07 08:06:26,530 - Knowledge - WARNING - File /app/data/kaviademo4200/40498/b0188jd/ImageJ-40498/ij/plugin/CommandFinder.java not successfully processed
2025-11-07 08:06:26,637 - Knowledge - WARNING - File /app/data/kaviademo4200/40498/b0188jd/ImageJ-40498/ij/process/ColorSpaceConverter.java not successfully processed
2025-11-07 08:06:26,715 - Knowledge - WARNING - File /app/data/kaviademo4200/40498/b0188jd/ImageJ-40498/ij/plugin/Duplicator.java not successfully processed
2025-11-07 08:06:26,794 - Knowledge - WARNING - File /app/data/kaviademo4200/40498/b0188jd/ImageJ-40498/ij/process/ImageConverter.java not successfully processed
2025-11-07 08:06:26,878 - Knowledge - WARNING - File /app/data/kaviademo4200/40498/b0188jd/ImageJ-40498/ij/plugin/Hotkeys.java not successfully processed
2025-11-07 08:06:26,950 - Knowledge - WARNING - File /app/data/kaviademo4200/40498/b0188jd/ImageJ-40498/ij/process/IntProcessor.java not successfully processed
2025-11-07 08:06:27,070 - Knowledge - WARNING - File /app/data/kaviademo4200/40498/b0188jd/ImageJ-40498/ij/plugin/CircularRoiMaker.java not successfully processed
2025-11-07 08:06:27,144 - Knowledge - WARNING - File /app/data/kaviademo4200/40498/b0188jd/ImageJ-40498/ij/process/ShortStatistics.java not successfully processed
2025-11-07 08:06:27,256 - Knowledge - INFO - Processing batch of 2 files
2025-11-07 08:06:27,332 - Knowledge - WARNING - File /app/data/kaviademo4200/40498/b0188jd/ImageJ-40498/ij/process/DownsizeTable.java not successfully processed
2025-11-07 08:06:27,453 - Knowledge - INFO - process ingested knowledge for /app/data/kaviademo4200/40498/b0188jd/ImageJ-40498/ij/plugin/frame/PlugInDialog.java
2025-11-07 08:06:27,574 - Knowledge - WARNING - File /app/data/kaviademo4200/40498/b0188jd/ImageJ-40498/ij/process/ColorProcessor.java not successfully processed
2025-11-07 08:06:27,666 - Knowledge - INFO - process ingested knowledge for /app/data/kaviademo4200/40498/b0188jd/ImageJ-40498/ij/plugin/PlugIn.java
2025-11-07 08:06:27,755 - Knowledge - WARNING - File /app/data/kaviademo4200/40498/b0188jd/ImageJ-40498/ij/process/ByteStatistics.java not successfully processed
2025-11-07 08:06:27,959 - Knowledge - INFO - Processing batch of 4 files
2025-11-07 08:06:28,096 - Knowledge - ERROR - Timeout processing /app/data/kaviademo4200/40498/b0188jd/ImageJ-40498/ij/plugin/ImageInfo.java after 90s
2025-11-07 08:06:28,110 - Knowledge - INFO - process ingested knowledge for /app/data/kaviademo4200/40498/b0188jd/ImageJ-40498/pom.xml
2025-11-07 08:06:28,241 - Knowledge - ERROR - Timeout processing /app/data/kaviademo4200/40498/b0188jd/ImageJ-40498/ij/plugin/JavaProperties.java after 90s
2025-11-07 08:06:28,386 - Knowledge - INFO - process ingested knowledge for /app/data/kaviademo4200/40498/b0188jd/ImageJ-40498/nbproject/project.xml
2025-11-07 08:06:28,474 - Knowledge - ERROR - Timeout processing /app/data/kaviademo4200/40498/b0188jd/ImageJ-40498/ij/plugin/ImagesToStack.java after 90s
2025-11-07 08:06:28,619 - Knowledge - INFO - process ingested knowledge for /app/data/kaviademo4200/40498/b0188jd/ImageJ-40498/nbproject/build-impl.xml
2025-11-07 08:06:28,697 - Knowledge - ERROR - Timeout processing /app/data/kaviademo4200/40498/b0188jd/ImageJ-40498/ij/process/ShortProcessor.java after 90s
2025-11-07 08:06:28,809 - Knowledge - INFO - process ingested knowledge for /app/data/kaviademo4200/40498/b0188jd/ImageJ-40498/build.xml
2025-11-07 08:06:28,898 - Knowledge - ERROR - Timeout processing /app/data/kaviademo4200/40498/b0188jd/ImageJ-40498/ij/process/BinaryInterpolator.java after 90s
2025-11-07 08:06:29,092 - Knowledge - ERROR - Timeout processing /app/data/kaviademo4200/40498/b0188jd/ImageJ-40498/ij/process/ByteProcessor.java after 90s
2025-11-07 08:06:29,237 - Knowledge - ERROR - Timeout processing /app/data/kaviademo4200/40498/b0188jd/ImageJ-40498/ij/process/EllipseFitter.java after 90s
2025-11-07 08:06:29,405 - Knowledge - ERROR - Timeout processing /app/data/kaviademo4200/40498/b0188jd/ImageJ-40498/ij/process/FloatBlitter.java after 90s
2025-11-07 08:06:29,561 - Knowledge - ERROR - Timeout processing /app/data/kaviademo4200/40498/b0188jd/ImageJ-40498/ij/process/FloodFiller.java after 90s
2025-11-07 08:06:29,712 - Knowledge - ERROR - Timeout processing /app/data/kaviademo4200/40498/b0188jd/ImageJ-40498/ij/process/FHT.java after 90s
2025-11-07 08:06:29,879 - Knowledge - ERROR - Timeout processing /app/data/kaviademo4200/40498/b0188jd/ImageJ-40498/ij/process/ByteBlitter.java after 90s
2025-11-07 08:06:30,082 - Knowledge - ERROR - Timeout processing /app/data/kaviademo4200/40498/b0188jd/ImageJ-40498/ij/process/TypeConverter.java after 90s
2025-11-07 08:06:30,277 - Knowledge - ERROR - Timeout processing /app/data/kaviademo4200/40498/b0188jd/ImageJ-40498/ij/process/ColorStatistics.java after 90s
2025-11-07 08:06:30,496 - Knowledge - ERROR - Timeout processing /app/data/kaviademo4200/40498/b0188jd/ImageJ-40498/ij/process/MedianCut.java after 90s
2025-11-07 08:06:30,690 - Knowledge - ERROR - Timeout processing /app/data/kaviademo4200/40498/b0188jd/ImageJ-40498/ij/process/ShortBlitter.java after 90s
2025-11-07 08:06:30,883 - Knowledge - ERROR - Timeout processing /app/data/kaviademo4200/40498/b0188jd/ImageJ-40498/ij/process/StackProcessor.java after 90s
2025-11-07 08:06:31,087 - Knowledge - ERROR - Timeout processing /app/data/kaviademo4200/40498/b0188jd/ImageJ-40498/ij/process/FloatProcessor.java after 90s
2025-11-07 08:06:31,235 - Knowledge - ERROR - Timeout processing /app/data/kaviademo4200/40498/b0188jd/ImageJ-40498/ij/process/PolygonFiller.java after 90s
2025-11-07 08:06:31,386 - Knowledge - ERROR - Timeout processing /app/data/kaviademo4200/40498/b0188jd/ImageJ-40498/ij/process/StackConverter.java after 90s
2025-11-07 08:06:31,577 - Knowledge - WARNING - File /app/data/kaviademo4200/40498/b0188jd/ImageJ-40498/ij/plugin/ImageInfo.java not successfully processed
2025-11-07 08:06:31,732 - Knowledge - WARNING - File /app/data/kaviademo4200/40498/b0188jd/ImageJ-40498/ij/plugin/JavaProperties.java not successfully processed
2025-11-07 08:06:31,934 - Knowledge - WARNING - File /app/data/kaviademo4200/40498/b0188jd/ImageJ-40498/ij/plugin/ImagesToStack.java not successfully processed
2025-11-07 08:06:32,099 - Knowledge - WARNING - File /app/data/kaviademo4200/40498/b0188jd/ImageJ-40498/ij/process/ShortProcessor.java not successfully processed
2025-11-07 08:06:32,266 - Knowledge - WARNING - File /app/data/kaviademo4200/40498/b0188jd/ImageJ-40498/ij/process/BinaryInterpolator.java not successfully processed
2025-11-07 08:06:32,457 - Knowledge - WARNING - File /app/data/kaviademo4200/40498/b0188jd/ImageJ-40498/ij/process/ByteProcessor.java not successfully processed
2025-11-07 08:06:32,614 - Knowledge - WARNING - File /app/data/kaviademo4200/40498/b0188jd/ImageJ-40498/ij/process/EllipseFitter.java not successfully processed
2025-11-07 08:06:32,798 - Knowledge - WARNING - File /app/data/kaviademo4200/40498/b0188jd/ImageJ-40498/ij/process/FloatBlitter.java not successfully processed
2025-11-07 08:06:32,989 - Knowledge - WARNING - File /app/data/kaviademo4200/40498/b0188jd/ImageJ-40498/ij/process/FloodFiller.java not successfully processed
2025-11-07 08:06:33,146 - Knowledge - WARNING - File /app/data/kaviademo4200/40498/b0188jd/ImageJ-40498/ij/process/FHT.java not successfully processed
2025-11-07 08:06:33,328 - Knowledge - WARNING - File /app/data/kaviademo4200/40498/b0188jd/ImageJ-40498/ij/process/ByteBlitter.java not successfully processed
2025-11-07 08:06:33,485 - Knowledge - WARNING - File /app/data/kaviademo4200/40498/b0188jd/ImageJ-40498/ij/process/TypeConverter.java not successfully processed
2025-11-07 08:06:33,642 - Knowledge - WARNING - File /app/data/kaviademo4200/40498/b0188jd/ImageJ-40498/ij/process/ColorStatistics.java not successfully processed
2025-11-07 08:06:33,806 - Knowledge - WARNING - File /app/data/kaviademo4200/40498/b0188jd/ImageJ-40498/ij/process/MedianCut.java not successfully processed
2025-11-07 08:06:33,971 - Knowledge - WARNING - File /app/data/kaviademo4200/40498/b0188jd/ImageJ-40498/ij/process/ShortBlitter.java not successfully processed
2025-11-07 08:06:34,137 - Knowledge - WARNING - File /app/data/kaviademo4200/40498/b0188jd/ImageJ-40498/ij/process/StackProcessor.java not successfully processed
2025-11-07 08:06:34,309 - Knowledge - WARNING - File /app/data/kaviademo4200/40498/b0188jd/ImageJ-40498/ij/process/FloatProcessor.java not successfully processed
2025-11-07 08:06:34,453 - Knowledge - WARNING - File /app/data/kaviademo4200/40498/b0188jd/ImageJ-40498/ij/process/PolygonFiller.java not successfully processed
2025-11-07 08:06:34,656 - Knowledge - WARNING - File /app/data/kaviademo4200/40498/b0188jd/ImageJ-40498/ij/process/StackConverter.java not successfully processed
2025-11-07 08:06:34,810 - Knowledge - INFO - Processing batch of 1 files
2025-11-07 08:06:34,957 - Knowledge - INFO - process ingested knowledge for /app/data/kaviademo4200/40498/b0188jd/ImageJ-40498/ij/process/Blitter.java
2025-11-07 08:07:28,973 - Knowledge - ERROR - Timeout processing /app/data/kaviademo4200/40498/b0188jd/ImageJ-40498/ij/plugin/HyperStackMaker.java after 90s
2025-11-07 08:07:29,127 - Knowledge - ERROR - Timeout processing /app/data/kaviademo4200/40498/b0188jd/ImageJ-40498/ij/plugin/Histogram.java after 90s
2025-11-07 08:07:29,326 - Knowledge - ERROR - Timeout processing /app/data/kaviademo4200/40498/b0188jd/ImageJ-40498/ij/plugin/GelAnalyzer.java after 90s
2025-11-07 08:07:29,509 - Knowledge - ERROR - Timeout processing /app/data/kaviademo4200/40498/b0188jd/ImageJ-40498/ij/plugin/Binner.java after 90s
2025-11-07 08:07:29,694 - Knowledge - ERROR - Timeout processing /app/data/kaviademo4200/40498/b0188jd/ImageJ-40498/ij/plugin/ImageJ_Updater.java after 90s
2025-11-07 08:07:29,894 - Knowledge - ERROR - Timeout processing /app/data/kaviademo4200/40498/b0188jd/ImageJ-40498/ij/plugin/PNG_Writer.java after 90s
2025-11-07 08:07:30,096 - Knowledge - ERROR - Timeout processing /app/data/kaviademo4200/40498/b0188jd/ImageJ-40498/ij/plugin/ControlPanel.java after 90s
2025-11-07 08:07:30,250 - Knowledge - ERROR - Timeout processing /app/data/kaviademo4200/40498/b0188jd/ImageJ-40498/ij/plugin/RGBStackMerge.java after 90s
2025-11-07 08:07:30,416 - Knowledge - ERROR - Timeout processing /app/data/kaviademo4200/40498/b0188jd/ImageJ-40498/ij/plugin/Concatenator.java after 90s
2025-11-07 08:07:30,579 - Knowledge - ERROR - Timeout processing /app/data/kaviademo4200/40498/b0188jd/ImageJ-40498/ij/plugin/BMP_Reader.java after 90s
2025-11-07 08:07:30,743 - Knowledge - ERROR - Timeout processing /app/data/kaviademo4200/40498/b0188jd/ImageJ-40498/ij/plugin/ListVirtualStack.java after 90s
2025-11-07 08:07:30,940 - Knowledge - ERROR - Timeout processing /app/data/kaviademo4200/40498/b0188jd/ImageJ-40498/ij/plugin/NewPlugin.java after 90s
2025-11-07 08:07:31,149 - Knowledge - ERROR - Timeout processing /app/data/kaviademo4200/40498/b0188jd/ImageJ-40498/ij/plugin/RGBStackConverter.java after 90s
2025-11-07 08:07:31,379 - Knowledge - ERROR - Timeout processing /app/data/kaviademo4200/40498/b0188jd/ImageJ-40498/ij/plugin/FileInfoVirtualStack.java after 90s
2025-11-07 08:07:31,554 - Knowledge - ERROR - Timeout processing /app/data/kaviademo4200/40498/b0188jd/ImageJ-40498/ij/plugin/Memory.java after 90s
2025-11-07 08:07:31,720 - Knowledge - ERROR - Timeout processing /app/data/kaviademo4200/40498/b0188jd/ImageJ-40498/ij/plugin/WindowOrganizer.java after 90s
2025-11-07 08:07:31,915 - Knowledge - ERROR - Timeout processing /app/data/kaviademo4200/40498/b0188jd/ImageJ-40498/ij/plugin/ScreenGrabber.java after 90s
2025-11-07 08:07:32,071 - Knowledge - ERROR - Timeout processing /app/data/kaviademo4200/40498/b0188jd/ImageJ-40498/ij/plugin/Text.java after 90s
2025-11-07 08:07:32,224 - Knowledge - ERROR - Timeout processing /app/data/kaviademo4200/40498/b0188jd/ImageJ-40498/ij/plugin/OverlayLabels.java after 90s
2025-11-07 08:07:32,416 - Knowledge - ERROR - Timeout processing /app/data/kaviademo4200/40498/b0188jd/ImageJ-40498/ij/plugin/FolderOpener.java after 90s
2025-11-07 08:07:32,578 - Knowledge - ERROR - Timeout processing /app/data/kaviademo4200/40498/b0188jd/ImageJ-40498/ij/plugin/Zoom.java after 90s
2025-11-07 08:07:32,738 - Knowledge - ERROR - Timeout processing /app/data/kaviademo4200/40498/b0188jd/ImageJ-40498/ij/plugin/StackCombiner.java after 90s
2025-11-07 08:07:32,916 - Knowledge - ERROR - Timeout processing /app/data/kaviademo4200/40498/b0188jd/ImageJ-40498/ij/plugin/RoiRotator.java after 90s
2025-11-07 08:07:33,067 - Knowledge - ERROR - Timeout processing /app/data/kaviademo4200/40498/b0188jd/ImageJ-40498/ij/plugin/ArrowToolOptions.java after 90s
2025-11-07 08:07:33,250 - Knowledge - ERROR - Timeout processing /app/data/kaviademo4200/40498/b0188jd/ImageJ-40498/ij/plugin/ImageCalculator.java after 90s
2025-11-07 08:07:33,415 - Knowledge - ERROR - Timeout processing /app/data/kaviademo4200/40498/b0188jd/ImageJ-40498/ij/plugin/SpecifyROI.java after 90s
2025-11-07 08:07:33,611 - Knowledge - WARNING - File /app/data/kaviademo4200/40498/b0188jd/ImageJ-40498/ij/plugin/HyperStackMaker.java not successfully processed
2025-11-07 08:07:33,811 - Knowledge - WARNING - File /app/data/kaviademo4200/40498/b0188jd/ImageJ-40498/ij/plugin/Histogram.java not successfully processed
2025-11-07 08:07:33,998 - Knowledge - WARNING - File /app/data/kaviademo4200/40498/b0188jd/ImageJ-40498/ij/plugin/GelAnalyzer.java not successfully processed
2025-11-07 08:07:34,196 - Knowledge - WARNING - File /app/data/kaviademo4200/40498/b0188jd/ImageJ-40498/ij/plugin/Binner.java not successfully processed
2025-11-07 08:07:34,359 - Knowledge - WARNING - File /app/data/kaviademo4200/40498/b0188jd/ImageJ-40498/ij/plugin/ImageJ_Updater.java not successfully processed
2025-11-07 08:07:34,527 - Knowledge - WARNING - File /app/data/kaviademo4200/40498/b0188jd/ImageJ-40498/ij/plugin/PNG_Writer.java not successfully processed
2025-11-07 08:07:34,757 - Knowledge - WARNING - File /app/data/kaviademo4200/40498/b0188jd/ImageJ-40498/ij/plugin/ControlPanel.java not successfully processed
2025-11-07 08:07:34,935 - Knowledge - WARNING - File /app/data/kaviademo4200/40498/b0188jd/ImageJ-40498/ij/plugin/RGBStackMerge.java not successfully processed
2025-11-07 08:07:35,097 - Knowledge - WARNING - File /app/data/kaviademo4200/40498/b0188jd/ImageJ-40498/ij/plugin/Concatenator.java not successfully processed
2025-11-07 08:07:35,280 - Knowledge - WARNING - File /app/data/kaviademo4200/40498/b0188jd/ImageJ-40498/ij/plugin/BMP_Reader.java not successfully processed
2025-11-07 08:07:35,465 - Knowledge - WARNING - File /app/data/kaviademo4200/40498/b0188jd/ImageJ-40498/ij/plugin/ListVirtualStack.java not successfully processed
2025-11-07 08:07:35,633 - Knowledge - WARNING - File /app/data/kaviademo4200/40498/b0188jd/ImageJ-40498/ij/plugin/NewPlugin.java not successfully processed
2025-11-07 08:07:35,808 - Knowledge - WARNING - File /app/data/kaviademo4200/40498/b0188jd/ImageJ-40498/ij/plugin/RGBStackConverter.java not successfully processed
2025-11-07 08:07:35,980 - Knowledge - WARNING - File /app/data/kaviademo4200/40498/b0188jd/ImageJ-40498/ij/plugin/FileInfoVirtualStack.java not successfully processed
2025-11-07 08:07:36,169 - Knowledge - WARNING - File /app/data/kaviademo4200/40498/b0188jd/ImageJ-40498/ij/plugin/Memory.java not successfully processed
2025-11-07 08:07:36,364 - Knowledge - WARNING - File /app/data/kaviademo4200/40498/b0188jd/ImageJ-40498/ij/plugin/WindowOrganizer.java not successfully processed
2025-11-07 08:07:36,562 - Knowledge - WARNING - File /app/data/kaviademo4200/40498/b0188jd/ImageJ-40498/ij/plugin/ScreenGrabber.java not successfully processed
2025-11-07 08:07:36,747 - Knowledge - WARNING - File /app/data/kaviademo4200/40498/b0188jd/ImageJ-40498/ij/plugin/Text.java not successfully processed
2025-11-07 08:07:36,909 - Knowledge - WARNING - File /app/data/kaviademo4200/40498/b0188jd/ImageJ-40498/ij/plugin/OverlayLabels.java not successfully processed
2025-11-07 08:07:37,070 - Knowledge - WARNING - File /app/data/kaviademo4200/40498/b0188jd/ImageJ-40498/ij/plugin/FolderOpener.java not successfully processed
2025-11-07 08:07:37,233 - Knowledge - WARNING - File /app/data/kaviademo4200/40498/b0188jd/ImageJ-40498/ij/plugin/Zoom.java not successfully processed
2025-11-07 08:07:37,388 - Knowledge - WARNING - File /app/data/kaviademo4200/40498/b0188jd/ImageJ-40498/ij/plugin/StackCombiner.java not successfully processed
2025-11-07 08:07:37,548 - Knowledge - WARNING - File /app/data/kaviademo4200/40498/b0188jd/ImageJ-40498/ij/plugin/RoiRotator.java not successfully processed
2025-11-07 08:07:37,693 - Knowledge - ERROR - Timeout processing /app/data/kaviademo4200/40498/b0188jd/ImageJ-40498/ij/plugin/CalibrationBar.java after 90s
2025-11-07 08:07:37,731 - Knowledge - WARNING - File /app/data/kaviademo4200/40498/b0188jd/ImageJ-40498/ij/plugin/ArrowToolOptions.java not successfully processed
2025-11-07 08:07:37,863 - Knowledge - ERROR - Timeout processing /app/data/kaviademo4200/40498/b0188jd/ImageJ-40498/ij/plugin/StackEditor.java after 90s
2025-11-07 08:07:37,932 - Knowledge - WARNING - File /app/data/kaviademo4200/40498/b0188jd/ImageJ-40498/ij/plugin/ImageCalculator.java not successfully processed
2025-11-07 08:07:38,042 - Knowledge - ERROR - Timeout processing /app/data/kaviademo4200/40498/b0188jd/ImageJ-40498/ij/plugin/ScaleBar.java after 90s
2025-11-07 08:07:38,172 - Knowledge - WARNING - File /app/data/kaviademo4200/40498/b0188jd/ImageJ-40498/ij/plugin/SpecifyROI.java not successfully processed
2025-11-07 08:07:38,292 - Knowledge - ERROR - Timeout processing /app/data/kaviademo4200/40498/b0188jd/ImageJ-40498/ij/plugin/RoiInterpolator.java after 90s
2025-11-07 08:07:38,361 - Knowledge - INFO - Processing batch of 4 files
2025-11-07 08:07:38,447 - Knowledge - ERROR - Timeout processing /app/data/kaviademo4200/40498/b0188jd/ImageJ-40498/ij/plugin/PluginInstaller.java after 90s
2025-11-07 08:07:38,599 - Knowledge - INFO - process ingested knowledge for /app/data/kaviademo4200/40498/b0188jd/ImageJ-40498/ij/plugin/tool/MacroToolRunner.java
2025-11-07 08:07:38,682 - Knowledge - ERROR - Timeout processing /app/data/kaviademo4200/40498/b0188jd/ImageJ-40498/ij/plugin/JpegWriter.java after 90s
2025-11-07 08:07:38,782 - Knowledge - INFO - process ingested knowledge for /app/data/kaviademo4200/40498/b0188jd/ImageJ-40498/ij/plugin/tool/ArrowTool.java
2025-11-07 08:07:38,875 - Knowledge - ERROR - Timeout processing /app/data/kaviademo4200/40498/b0188jd/ImageJ-40498/ij/plugin/ProxySettings.java after 90s
2025-11-07 08:07:38,963 - Knowledge - INFO - process ingested knowledge for /app/data/kaviademo4200/40498/b0188jd/ImageJ-40498/ij/plugin/tool/PlugInTool.java
2025-11-07 08:07:39,039 - Knowledge - ERROR - Timeout processing /app/data/kaviademo4200/40498/b0188jd/ImageJ-40498/ij/plugin/Startup.java after 90s
2025-11-07 08:07:39,136 - Knowledge - INFO - process ingested knowledge for /app/data/kaviademo4200/40498/b0188jd/ImageJ-40498/ij/plugin/RoiReader.java
2025-11-07 08:07:39,233 - Knowledge - ERROR - Timeout processing /app/data/kaviademo4200/40498/b0188jd/ImageJ-40498/ij/plugin/GifWriter.java after 90s
2025-11-07 08:07:39,385 - Knowledge - ERROR - Timeout processing /app/data/kaviademo4200/40498/b0188jd/ImageJ-40498/ij/plugin/Profiler.java after 90s
2025-11-07 08:07:39,572 - Knowledge - ERROR - Timeout processing /app/data/kaviademo4200/40498/b0188jd/ImageJ-40498/ij/plugin/StackWriter.java after 90s
2025-11-07 08:07:39,768 - Knowledge - ERROR - Timeout processing /app/data/kaviademo4200/40498/b0188jd/ImageJ-40498/ij/plugin/SurfacePlotter.java after 90s
2025-11-07 08:07:39,971 - Knowledge - ERROR - Timeout processing /app/data/kaviademo4200/40498/b0188jd/ImageJ-40498/ij/plugin/BMP_Writer.java after 90s
2025-11-07 08:07:40,157 - Knowledge - ERROR - Timeout processing /app/data/kaviademo4200/40498/b0188jd/ImageJ-40498/ij/plugin/MontageMaker.java after 90s
2025-11-07 08:07:40,320 - Knowledge - ERROR - Timeout processing /app/data/kaviademo4200/40498/b0188jd/ImageJ-40498/ij/plugin/LUT_Editor.java after 90s
2025-11-07 08:07:40,511 - Knowledge - ERROR - Timeout processing /app/data/kaviademo4200/40498/b0188jd/ImageJ-40498/ij/plugin/NextImageOpener.java after 90s
2025-11-07 08:07:40,687 - Knowledge - ERROR - Timeout processing /app/data/kaviademo4200/40498/b0188jd/ImageJ-40498/ij/plugin/Macro_Runner.java after 90s
2025-11-07 08:07:40,859 - Knowledge - ERROR - Timeout processing /app/data/kaviademo4200/40498/b0188jd/ImageJ-40498/ij/plugin/Coordinates.java after 90s
2025-11-07 08:07:41,015 - Knowledge - ERROR - Timeout processing /app/data/kaviademo4200/40498/b0188jd/ImageJ-40498/ij/plugin/ThreadLister.java after 90s
2025-11-07 08:07:41,212 - Knowledge - ERROR - Timeout processing /app/data/kaviademo4200/40498/b0188jd/ImageJ-40498/ij/plugin/Compiler.java after 90s
2025-11-07 08:07:41,405 - Knowledge - ERROR - Timeout processing /app/data/kaviademo4200/40498/b0188jd/ImageJ-40498/ij/plugin/ClassChecker.java after 90s
2025-11-07 08:07:41,588 - Knowledge - ERROR - Timeout processing /app/data/kaviademo4200/40498/b0188jd/ImageJ-40498/ij/plugin/frame/ContrastAdjuster.java after 90s
2025-11-07 08:07:41,790 - Knowledge - ERROR - Timeout processing /app/data/kaviademo4200/40498/b0188jd/ImageJ-40498/ij/plugin/frame/SyncWindows.java after 90s
2025-11-07 08:07:41,993 - Knowledge - ERROR - Timeout processing /app/data/kaviademo4200/40498/b0188jd/ImageJ-40498/ij/plugin/frame/Channels.java after 90s
2025-11-07 08:07:42,186 - Knowledge - ERROR - Timeout processing /app/data/kaviademo4200/40498/b0188jd/ImageJ-40498/ij/plugin/frame/Commands.java after 90s
2025-11-07 08:07:42,381 - Knowledge - ERROR - Timeout processing /app/data/kaviademo4200/40498/b0188jd/ImageJ-40498/ij/plugin/frame/LineWidthAdjuster.java after 90s
2025-11-07 08:07:42,542 - Knowledge - ERROR - Timeout processing /app/data/kaviademo4200/40498/b0188jd/ImageJ-40498/ij/plugin/frame/Recorder.java after 90s
2025-11-07 08:07:42,745 - Knowledge - WARNING - File /app/data/kaviademo4200/40498/b0188jd/ImageJ-40498/ij/plugin/CalibrationBar.java not successfully processed
2025-11-07 08:07:42,898 - Knowledge - WARNING - File /app/data/kaviademo4200/40498/b0188jd/ImageJ-40498/ij/plugin/StackEditor.java not successfully processed
2025-11-07 08:07:43,052 - Knowledge - WARNING - File /app/data/kaviademo4200/40498/b0188jd/ImageJ-40498/ij/plugin/ScaleBar.java not successfully processed
2025-11-07 08:07:43,256 - Knowledge - WARNING - File /app/data/kaviademo4200/40498/b0188jd/ImageJ-40498/ij/plugin/RoiInterpolator.java not successfully processed
2025-11-07 08:07:43,420 - Knowledge - WARNING - File /app/data/kaviademo4200/40498/b0188jd/ImageJ-40498/ij/plugin/PluginInstaller.java not successfully processed
2025-11-07 08:07:43,582 - Knowledge - WARNING - File /app/data/kaviademo4200/40498/b0188jd/ImageJ-40498/ij/plugin/JpegWriter.java not successfully processed
2025-11-07 08:07:43,785 - Knowledge - WARNING - File /app/data/kaviademo4200/40498/b0188jd/ImageJ-40498/ij/plugin/ProxySettings.java not successfully processed
2025-11-07 08:07:44,010 - Knowledge - WARNING - File /app/data/kaviademo4200/40498/b0188jd/ImageJ-40498/ij/plugin/Startup.java not successfully processed
2025-11-07 08:07:44,172 - Knowledge - WARNING - File /app/data/kaviademo4200/40498/b0188jd/ImageJ-40498/ij/plugin/GifWriter.java not successfully processed
2025-11-07 08:07:44,324 - Knowledge - WARNING - File /app/data/kaviademo4200/40498/b0188jd/ImageJ-40498/ij/plugin/Profiler.java not successfully processed
2025-11-07 08:07:44,523 - Knowledge - WARNING - File /app/data/kaviademo4200/40498/b0188jd/ImageJ-40498/ij/plugin/StackWriter.java not successfully processed
2025-11-07 08:07:44,740 - Knowledge - WARNING - File /app/data/kaviademo4200/40498/b0188jd/ImageJ-40498/ij/plugin/SurfacePlotter.java not successfully processed
2025-11-07 08:07:44,947 - Knowledge - WARNING - File /app/data/kaviademo4200/40498/b0188jd/ImageJ-40498/ij/plugin/BMP_Writer.java not successfully processed
2025-11-07 08:07:45,132 - Knowledge - WARNING - File /app/data/kaviademo4200/40498/b0188jd/ImageJ-40498/ij/plugin/MontageMaker.java not successfully processed
2025-11-07 08:07:45,271 - Knowledge - WARNING - File /app/data/kaviademo4200/40498/b0188jd/ImageJ-40498/ij/plugin/LUT_Editor.java not successfully processed
2025-11-07 08:07:45,454 - Knowledge - WARNING - File /app/data/kaviademo4200/40498/b0188jd/ImageJ-40498/ij/plugin/NextImageOpener.java not successfully processed
2025-11-07 08:07:45,597 - Knowledge - WARNING - File /app/data/kaviademo4200/40498/b0188jd/ImageJ-40498/ij/plugin/Macro_Runner.java not successfully processed
2025-11-07 08:07:45,770 - Knowledge - WARNING - File /app/data/kaviademo4200/40498/b0188jd/ImageJ-40498/ij/plugin/Coordinates.java not successfully processed
2025-11-07 08:07:45,946 - Knowledge - WARNING - File /app/data/kaviademo4200/40498/b0188jd/ImageJ-40498/ij/plugin/ThreadLister.java not successfully processed
2025-11-07 08:07:46,114 - Knowledge - WARNING - File /app/data/kaviademo4200/40498/b0188jd/ImageJ-40498/ij/plugin/Compiler.java not successfully processed
2025-11-07 08:07:46,298 - Knowledge - WARNING - File /app/data/kaviademo4200/40498/b0188jd/ImageJ-40498/ij/plugin/ClassChecker.java not successfully processed
2025-11-07 08:07:46,462 - Knowledge - WARNING - File /app/data/kaviademo4200/40498/b0188jd/ImageJ-40498/ij/plugin/frame/ContrastAdjuster.java not successfully processed
2025-11-07 08:07:46,608 - Knowledge - WARNING - File /app/data/kaviademo4200/40498/b0188jd/ImageJ-40498/ij/plugin/frame/SyncWindows.java not successfully processed
2025-11-07 08:07:46,804 - Knowledge - WARNING - File /app/data/kaviademo4200/40498/b0188jd/ImageJ-40498/ij/plugin/frame/Channels.java not successfully processed
2025-11-07 08:07:46,987 - Knowledge - WARNING - File /app/data/kaviademo4200/40498/b0188jd/ImageJ-40498/ij/plugin/frame/Commands.java not successfully processed
2025-11-07 08:07:47,197 - Knowledge - WARNING - File /app/data/kaviademo4200/40498/b0188jd/ImageJ-40498/ij/plugin/frame/LineWidthAdjuster.java not successfully processed
2025-11-07 08:07:47,413 - Knowledge - WARNING - File /app/data/kaviademo4200/40498/b0188jd/ImageJ-40498/ij/plugin/frame/Recorder.java not successfully processed
2025-11-07 08:07:47,564 - Knowledge - INFO - Processing batch of 3 files
2025-11-07 08:07:47,746 - Knowledge - INFO - process ingested knowledge for /app/data/kaviademo4200/40498/b0188jd/ImageJ-40498/ij/plugin/PlugInInterpreter.java
2025-11-07 08:07:47,949 - Knowledge - INFO - process ingested knowledge for /app/data/kaviademo4200/40498/b0188jd/ImageJ-40498/ij/plugin/XY_Reader.java
2025-11-07 08:07:48,106 - Knowledge - INFO - process ingested knowledge for /app/data/kaviademo4200/40498/b0188jd/ImageJ-40498/ij/plugin/frame/PlugInFrame.java
2025-11-07 08:07:51,280 - Knowledge - ERROR - Timeout processing /app/data/kaviademo4200/40498/b0188jd/ImageJ-40498/ij/Prefs.java after 90s
2025-11-07 08:07:51,437 - Knowledge - ERROR - Timeout processing /app/data/kaviademo4200/40498/b0188jd/ImageJ-40498/ij/io/ImageWriter.java after 90s
2025-11-07 08:07:51,624 - Knowledge - ERROR - Timeout processing /app/data/kaviademo4200/40498/b0188jd/ImageJ-40498/ij/io/RoiDecoder.java after 90s
2025-11-07 08:07:51,822 - Knowledge - ERROR - Timeout processing /app/data/kaviademo4200/40498/b0188jd/ImageJ-40498/ij/io/DirectoryChooser.java after 90s
2025-11-07 08:07:52,021 - Knowledge - ERROR - Timeout processing /app/data/kaviademo4200/40498/b0188jd/ImageJ-40498/ij/io/DragAndDropHandler.java after 90s
2025-11-07 08:07:52,167 - Knowledge - ERROR - Timeout processing /app/data/kaviademo4200/40498/b0188jd/ImageJ-40498/ij/io/FileInfo.java after 90s
2025-11-07 08:07:52,357 - Knowledge - ERROR - Timeout processing /app/data/kaviademo4200/40498/b0188jd/ImageJ-40498/ij/io/PluginClassLoader.java after 90s
2025-11-07 08:07:52,514 - Knowledge - ERROR - Timeout processing /app/data/kaviademo4200/40498/b0188jd/ImageJ-40498/ij/io/OpenDialog.java after 90s
2025-11-07 08:07:52,679 - Knowledge - ERROR - Timeout processing /app/data/kaviademo4200/40498/b0188jd/ImageJ-40498/ij/io/RoiEncoder.java after 90s
2025-11-07 08:07:52,838 - Knowledge - ERROR - Timeout processing /app/data/kaviademo4200/40498/b0188jd/ImageJ-40498/ij/io/ImageReader.java after 90s
2025-11-07 08:07:52,999 - Knowledge - ERROR - Timeout processing /app/data/kaviademo4200/40498/b0188jd/ImageJ-40498/ij/io/LogStream.java after 90s
2025-11-07 08:07:53,156 - Knowledge - ERROR - Timeout processing /app/data/kaviademo4200/40498/b0188jd/ImageJ-40498/ij/io/FileSaver.java after 90s
2025-11-07 08:07:53,322 - Knowledge - ERROR - Timeout processing /app/data/kaviademo4200/40498/b0188jd/ImageJ-40498/ij/io/FileOpener.java after 90s
2025-11-07 08:07:53,481 - Knowledge - ERROR - Timeout processing /app/data/kaviademo4200/40498/b0188jd/ImageJ-40498/ij/io/Opener.java after 90s
2025-11-07 08:07:53,672 - Knowledge - ERROR - Timeout processing /app/data/kaviademo4200/40498/b0188jd/ImageJ-40498/ij/io/TiffEncoder.java after 90s
2025-11-07 08:07:53,819 - Knowledge - ERROR - Timeout processing /app/data/kaviademo4200/40498/b0188jd/ImageJ-40498/ij/io/ImportDialog.java after 90s
2025-11-07 08:07:54,045 - Knowledge - ERROR - Timeout processing /app/data/kaviademo4200/40498/b0188jd/ImageJ-40498/ij/io/SaveDialog.java after 90s
2025-11-07 08:07:54,243 - Knowledge - ERROR - Timeout processing /app/data/kaviademo4200/40498/b0188jd/ImageJ-40498/ij/io/RandomAccessStream.java after 90s
2025-11-07 08:07:54,412 - Knowledge - ERROR - Timeout processing /app/data/kaviademo4200/40498/b0188jd/ImageJ-40498/ij/io/TiffDecoder.java after 90s
2025-11-07 08:07:54,590 - Knowledge - ERROR - Timeout processing /app/data/kaviademo4200/40498/b0188jd/ImageJ-40498/ij/Menus.java after 90s
2025-11-07 08:07:54,805 - Knowledge - ERROR - Timeout processing /app/data/kaviademo4200/40498/b0188jd/ImageJ-40498/ij/macro/Program.java after 90s
2025-11-07 08:07:54,978 - Knowledge - ERROR - Timeout processing /app/data/kaviademo4200/40498/b0188jd/ImageJ-40498/ij/macro/Interpreter.java after 90s
2025-11-07 08:07:55,139 - Knowledge - ERROR - Timeout processing /app/data/kaviademo4200/40498/b0188jd/ImageJ-40498/ij/macro/ExtensionDescriptor.java after 90s
2025-11-07 08:07:55,323 - Knowledge - ERROR - Timeout processing /app/data/kaviademo4200/40498/b0188jd/ImageJ-40498/ij/macro/MacroRunner.java after 90s
2025-11-07 08:07:55,536 - Knowledge - ERROR - Timeout processing /app/data/kaviademo4200/40498/b0188jd/ImageJ-40498/ij/macro/Variable.java after 90s
2025-11-07 08:07:55,679 - Knowledge - ERROR - Timeout processing /app/data/kaviademo4200/40498/b0188jd/ImageJ-40498/ij/macro/FunctionFinder.java after 90s
2025-11-07 08:07:55,854 - Knowledge - ERROR - Timeout processing /app/data/kaviademo4200/40498/b0188jd/ImageJ-40498/ij/macro/Tokenizer.java after 90s
2025-11-07 08:07:56,054 - Knowledge - ERROR - Timeout processing /app/data/kaviademo4200/40498/b0188jd/ImageJ-40498/ij/macro/MacroConstants.java after 90s
2025-11-07 08:07:56,290 - Knowledge - WARNING - File /app/data/kaviademo4200/40498/b0188jd/ImageJ-40498/ij/Prefs.java not successfully processed
2025-11-07 08:07:56,533 - Knowledge - WARNING - File /app/data/kaviademo4200/40498/b0188jd/ImageJ-40498/ij/io/ImageWriter.java not successfully processed
2025-11-07 08:07:56,719 - Knowledge - WARNING - File /app/data/kaviademo4200/40498/b0188jd/ImageJ-40498/ij/io/RoiDecoder.java not successfully processed
2025-11-07 08:07:56,902 - Knowledge - WARNING - File /app/data/kaviademo4200/40498/b0188jd/ImageJ-40498/ij/io/DirectoryChooser.java not successfully processed
2025-11-07 08:07:57,056 - Knowledge - WARNING - File /app/data/kaviademo4200/40498/b0188jd/ImageJ-40498/ij/io/DragAndDropHandler.java not successfully processed
2025-11-07 08:07:57,214 - Knowledge - WARNING - File /app/data/kaviademo4200/40498/b0188jd/ImageJ-40498/ij/io/FileInfo.java not successfully processed
2025-11-07 08:07:57,423 - Knowledge - WARNING - File /app/data/kaviademo4200/40498/b0188jd/ImageJ-40498/ij/io/PluginClassLoader.java not successfully processed
2025-11-07 08:07:57,660 - Knowledge - WARNING - File /app/data/kaviademo4200/40498/b0188jd/ImageJ-40498/ij/io/OpenDialog.java not successfully processed
2025-11-07 08:07:57,836 - Knowledge - WARNING - File /app/data/kaviademo4200/40498/b0188jd/ImageJ-40498/ij/io/RoiEncoder.java not successfully processed
2025-11-07 08:07:57,996 - Knowledge - WARNING - File /app/data/kaviademo4200/40498/b0188jd/ImageJ-40498/ij/io/ImageReader.java not successfully processed
2025-11-07 08:07:58,150 - Knowledge - WARNING - File /app/data/kaviademo4200/40498/b0188jd/ImageJ-40498/ij/io/LogStream.java not successfully processed
2025-11-07 08:07:58,321 - Knowledge - WARNING - File /app/data/kaviademo4200/40498/b0188jd/ImageJ-40498/ij/io/FileSaver.java not successfully processed
2025-11-07 08:07:58,512 - Knowledge - WARNING - File /app/data/kaviademo4200/40498/b0188jd/ImageJ-40498/ij/io/FileOpener.java not successfully processed
2025-11-07 08:07:58,673 - Knowledge - WARNING - File /app/data/kaviademo4200/40498/b0188jd/ImageJ-40498/ij/io/Opener.java not successfully processed
2025-11-07 08:07:58,838 - Knowledge - WARNING - File /app/data/kaviademo4200/40498/b0188jd/ImageJ-40498/ij/io/TiffEncoder.java not successfully processed
2025-11-07 08:07:58,995 - Knowledge - WARNING - File /app/data/kaviademo4200/40498/b0188jd/ImageJ-40498/ij/io/ImportDialog.java not successfully processed
2025-11-07 08:07:59,190 - Knowledge - WARNING - File /app/data/kaviademo4200/40498/b0188jd/ImageJ-40498/ij/io/SaveDialog.java not successfully processed
2025-11-07 08:07:59,362 - Knowledge - WARNING - File /app/data/kaviademo4200/40498/b0188jd/ImageJ-40498/ij/io/RandomAccessStream.java not successfully processed
2025-11-07 08:07:59,532 - Knowledge - WARNING - File /app/data/kaviademo4200/40498/b0188jd/ImageJ-40498/ij/io/TiffDecoder.java not successfully processed
2025-11-07 08:07:59,718 - Knowledge - WARNING - File /app/data/kaviademo4200/40498/b0188jd/ImageJ-40498/ij/Menus.java not successfully processed
2025-11-07 08:07:59,899 - Knowledge - WARNING - File /app/data/kaviademo4200/40498/b0188jd/ImageJ-40498/ij/macro/Program.java not successfully processed
2025-11-07 08:08:00,073 - Knowledge - WARNING - File /app/data/kaviademo4200/40498/b0188jd/ImageJ-40498/ij/macro/Interpreter.java not successfully processed
2025-11-07 08:08:00,244 - Knowledge - WARNING - File /app/data/kaviademo4200/40498/b0188jd/ImageJ-40498/ij/macro/ExtensionDescriptor.java not successfully processed
2025-11-07 08:08:00,483 - Knowledge - WARNING - File /app/data/kaviademo4200/40498/b0188jd/ImageJ-40498/ij/macro/MacroRunner.java not successfully processed
2025-11-07 08:08:00,687 - Knowledge - WARNING - File /app/data/kaviademo4200/40498/b0188jd/ImageJ-40498/ij/macro/Variable.java not successfully processed
2025-11-07 08:08:00,873 - Knowledge - WARNING - File /app/data/kaviademo4200/40498/b0188jd/ImageJ-40498/ij/macro/FunctionFinder.java not successfully processed
2025-11-07 08:08:01,080 - Knowledge - WARNING - File /app/data/kaviademo4200/40498/b0188jd/ImageJ-40498/ij/macro/Tokenizer.java not successfully processed
2025-11-07 08:08:01,306 - Knowledge - WARNING - File /app/data/kaviademo4200/40498/b0188jd/ImageJ-40498/ij/macro/MacroConstants.java not successfully processed
2025-11-07 08:08:01,485 - Knowledge - INFO - Processing batch of 22 files
2025-11-07 08:08:01,682 - Knowledge - INFO - process ingested knowledge for /app/data/kaviademo4200/40498/b0188jd/ImageJ-40498/tests/ij/gui/PlotTest.java
2025-11-07 08:08:01,851 - Knowledge - INFO - process ingested knowledge for /app/data/kaviademo4200/40498/b0188jd/ImageJ-40498/tests/ij/VirtualStackTest.java
2025-11-07 08:08:02,052 - Knowledge - INFO - process ingested knowledge for /app/data/kaviademo4200/40498/b0188jd/ImageJ-40498/tests/ij/IJEventListenerTest.java
2025-11-07 08:08:02,268 - Knowledge - INFO - process ingested knowledge for /app/data/kaviademo4200/40498/b0188jd/ImageJ-40498/tests/ij/ImagePlusTest.java
2025-11-07 08:08:02,452 - Knowledge - INFO - process ingested knowledge for /app/data/kaviademo4200/40498/b0188jd/ImageJ-40498/tests/ij/IJInfo.java
2025-11-07 08:08:02,639 - Knowledge - INFO - process ingested knowledge for /app/data/kaviademo4200/40498/b0188jd/ImageJ-40498/tests/ij/process/ShortProcessorTest.java
2025-11-07 08:08:02,821 - Knowledge - INFO - process ingested knowledge for /app/data/kaviademo4200/40498/b0188jd/ImageJ-40498/tests/ij/process/ByteProcessorTest.java
2025-11-07 08:08:02,976 - Knowledge - INFO - process ingested knowledge for /app/data/kaviademo4200/40498/b0188jd/ImageJ-40498/tests/ij/process/FloatProcessorTest.java
2025-11-07 08:08:03,152 - Knowledge - INFO - process ingested knowledge for /app/data/kaviademo4200/40498/b0188jd/ImageJ-40498/tests/ij/process/LUTTest.java
2025-11-07 08:08:03,309 - Knowledge - INFO - process ingested knowledge for /app/data/kaviademo4200/40498/b0188jd/ImageJ-40498/tests/ij/process/BinaryProcessorTest.java
2025-11-07 08:08:03,499 - Knowledge - INFO - process ingested knowledge for /app/data/kaviademo4200/40498/b0188jd/ImageJ-40498/tests/ij/process/ImageProcessorTest.java
2025-11-07 08:08:03,689 - Knowledge - INFO - process ingested knowledge for /app/data/kaviademo4200/40498/b0188jd/ImageJ-40498/tests/ij/process/DataConstants.java
2025-11-07 08:08:03,857 - Knowledge - INFO - process ingested knowledge for /app/data/kaviademo4200/40498/b0188jd/ImageJ-40498/tests/ij/process/ColorProcessorTest.java
2025-11-07 08:08:04,034 - Knowledge - INFO - process ingested knowledge for /app/data/kaviademo4200/40498/b0188jd/ImageJ-40498/ij/io/BitBuffer.java
2025-11-07 08:08:04,263 - Knowledge - INFO - process ingested knowledge for /app/data/kaviademo4200/40498/b0188jd/ImageJ-40498/ij/io/TextEncoder.java
2025-11-07 08:08:04,437 - Knowledge - INFO - process ingested knowledge for /app/data/kaviademo4200/40498/b0188jd/ImageJ-40498/ij/macro/Symbol.java
2025-11-07 08:08:04,620 - Knowledge - INFO - process ingested knowledge for /app/data/kaviademo4200/40498/b0188jd/ImageJ-40498/ij/macro/MacroException.java
2025-11-07 08:08:04,821 - Knowledge - INFO - process ingested knowledge for /app/data/kaviademo4200/40498/b0188jd/ImageJ-40498/ij/macro/Functions.java
2025-11-07 08:08:05,014 - Knowledge - INFO - process ingested knowledge for /app/data/kaviademo4200/40498/b0188jd/ImageJ-40498/ij/macro/Debugger.java
2025-11-07 08:08:05,198 - Knowledge - INFO - process ingested knowledge for /app/data/kaviademo4200/40498/b0188jd/ImageJ-40498/ij/macro/StartupRunner.java
2025-11-07 08:08:05,363 - Knowledge - INFO - process ingested knowledge for /app/data/kaviademo4200/40498/b0188jd/ImageJ-40498/ij/macro/MacroExtension.java
2025-11-07 08:08:05,513 - Knowledge - INFO - process ingested knowledge for /app/data/kaviademo4200/40498/b0188jd/ImageJ-40498/ij/macro/ReturnException.java
2025-11-07 08:08:32,798 - Knowledge - ERROR - Timeout processing /app/data/kaviademo4200/40498/b0188jd/ImageJ-40498/ij/LookUpTable.java after 90s
2025-11-07 08:08:32,987 - Knowledge - ERROR - Timeout processing /app/data/kaviademo4200/40498/b0188jd/ImageJ-40498/ij/Macro.java after 90s
2025-11-07 08:08:33,201 - Knowledge - ERROR - Timeout processing /app/data/kaviademo4200/40498/b0188jd/ImageJ-40498/ij/measure/Calibration.java after 90s
2025-11-07 08:08:33,412 - Knowledge - ERROR - Timeout processing /app/data/kaviademo4200/40498/b0188jd/ImageJ-40498/ij/measure/Minimizer.java after 90s
2025-11-07 08:08:33,609 - Knowledge - ERROR - Timeout processing /app/data/kaviademo4200/40498/b0188jd/ImageJ-40498/ij/measure/ResultsTable.java after 90s
2025-11-07 08:08:33,785 - Knowledge - ERROR - Timeout processing /app/data/kaviademo4200/40498/b0188jd/ImageJ-40498/ij/measure/SplineFitter.java after 90s
2025-11-07 08:08:33,974 - Knowledge - ERROR - Timeout processing /app/data/kaviademo4200/40498/b0188jd/ImageJ-40498/ij/measure/CurveFitter.java after 90s
2025-11-07 08:08:34,141 - Knowledge - ERROR - Timeout processing /app/data/kaviademo4200/40498/b0188jd/ImageJ-40498/ij/measure/ResultsTableMacros.java after 90s
2025-11-07 08:08:34,302 - Knowledge - ERROR - Timeout processing /app/data/kaviademo4200/40498/b0188jd/ImageJ-40498/ij/Undo.java after 90s
2025-11-07 08:08:34,464 - Knowledge - ERROR - Timeout processing /app/data/kaviademo4200/40498/b0188jd/ImageJ-40498/ij/CompositeImage.java after 90s
2025-11-07 08:08:34,629 - Knowledge - ERROR - Timeout processing /app/data/kaviademo4200/40498/b0188jd/ImageJ-40498/ij/gui/StackWindow.java after 90s
2025-11-07 08:08:34,664 - Knowledge - ERROR - Timeout processing /app/data/kaviademo4200/40498/b0188jd/ImageJ-40498/ij/util/Java2.java after 90s
2025-11-07 08:08:34,830 - Knowledge - ERROR - Timeout processing /app/data/kaviademo4200/40498/b0188jd/ImageJ-40498/ij/gui/RoiBrush.java after 90s
2025-11-07 08:08:34,978 - Knowledge - ERROR - Timeout processing /app/data/kaviademo4200/40498/b0188jd/ImageJ-40498/ij/util/StringSorter.java after 90s
2025-11-07 08:08:35,051 - Knowledge - ERROR - Timeout processing /app/data/kaviademo4200/40498/b0188jd/ImageJ-40498/ij/gui/NonBlockingGenericDialog.java after 90s
2025-11-07 08:08:35,199 - Knowledge - ERROR - Timeout processing /app/data/kaviademo4200/40498/b0188jd/ImageJ-40498/ij/util/ThreadUtil.java after 90s
2025-11-07 08:08:35,270 - Knowledge - ERROR - Timeout processing /app/data/kaviademo4200/40498/b0188jd/ImageJ-40498/ij/gui/ImageLayout.java after 90s
2025-11-07 08:08:35,384 - Knowledge - ERROR - Timeout processing /app/data/kaviademo4200/40498/b0188jd/ImageJ-40498/ij/util/Tools.java after 90s
2025-11-07 08:08:35,455 - Knowledge - ERROR - Timeout processing /app/data/kaviademo4200/40498/b0188jd/ImageJ-40498/ij/gui/MessageDialog.java after 90s
2025-11-07 08:08:35,569 - Knowledge - ERROR - Timeout processing /app/data/kaviademo4200/40498/b0188jd/ImageJ-40498/ij/util/FontUtil.java after 90s
2025-11-07 08:08:35,917 - Knowledge - ERROR - Timeout processing /app/data/kaviademo4200/40498/b0188jd/ImageJ-40498/ij/gui/HTMLDialog.java after 90s
2025-11-07 08:08:35,948 - Knowledge - ERROR - Timeout processing /app/data/kaviademo4200/40498/b0188jd/ImageJ-40498/ij/plugin/Converter.java after 90s
2025-11-07 08:08:36,040 - Knowledge - ERROR - Timeout processing /app/data/kaviademo4200/40498/b0188jd/ImageJ-40498/ij/util/FloatArray.java after 90s
2025-11-07 08:08:36,130 - Knowledge - ERROR - Timeout processing /app/data/kaviademo4200/40498/b0188jd/ImageJ-40498/ij/gui/GUI.java after 90s
2025-11-07 08:08:36,211 - Knowledge - ERROR - Timeout processing /app/data/kaviademo4200/40498/b0188jd/ImageJ-40498/ij/plugin/GIF_Reader.java after 90s
2025-11-07 08:08:36,304 - Knowledge - ERROR - Timeout processing /app/data/kaviademo4200/40498/b0188jd/ImageJ-40498/ij/util/ArrayUtil.java after 90s
2025-11-07 08:08:36,428 - Knowledge - ERROR - Timeout processing /app/data/kaviademo4200/40498/b0188jd/ImageJ-40498/ij/gui/ImageRoi.java after 90s
2025-11-07 08:08:36,518 - Knowledge - ERROR - Timeout processing /app/data/kaviademo4200/40498/b0188jd/ImageJ-40498/ij/plugin/SubHyperstackMaker.java after 90s
2025-11-07 08:08:36,590 - Knowledge - ERROR - Timeout processing /app/data/kaviademo4200/40498/b0188jd/ImageJ-40498/ij/util/DicomTools.java after 90s
2025-11-07 08:08:36,700 - Knowledge - ERROR - Timeout processing /app/data/kaviademo4200/40498/b0188jd/ImageJ-40498/ij/gui/PlotContentsDialog.java after 90s
2025-11-07 08:08:36,785 - Knowledge - ERROR - Timeout processing /app/data/kaviademo4200/40498/b0188jd/ImageJ-40498/ij/plugin/Projector.java after 90s
2025-11-07 08:08:36,835 - Knowledge - ERROR - Timeout processing /app/data/kaviademo4200/40498/b0188jd/ImageJ-40498/ij/plugin/tool/BrushTool.java after 90s
2025-11-07 08:08:36,891 - Knowledge - ERROR - Timeout processing /app/data/kaviademo4200/40498/b0188jd/ImageJ-40498/ij/util/WildcardMatch.java after 90s
2025-11-07 08:08:36,993 - Knowledge - ERROR - Timeout processing /app/data/kaviademo4200/40498/b0188jd/ImageJ-40498/ij/gui/HistogramPlot.java after 90s
2025-11-07 08:08:37,114 - Knowledge - ERROR - Timeout processing /app/data/kaviademo4200/40498/b0188jd/ImageJ-40498/ij/plugin/TextReader.java after 90s
2025-11-07 08:08:37,189 - Knowledge - ERROR - Timeout processing /app/data/kaviademo4200/40498/b0188jd/ImageJ-40498/ij/plugin/HyperStackConverter.java after 90s
2025-11-07 08:08:37,286 - Knowledge - ERROR - Timeout processing /app/data/kaviademo4200/40498/b0188jd/ImageJ-40498/ij/ImageStack.java after 90s
2025-11-07 08:08:37,377 - Knowledge - ERROR - Timeout processing /app/data/kaviademo4200/40498/b0188jd/ImageJ-40498/ij/gui/GenericDialog.java after 90s
2025-11-07 08:08:37,465 - Knowledge - ERROR - Timeout processing /app/data/kaviademo4200/40498/b0188jd/ImageJ-40498/ij/plugin/EventListener.java after 90s
2025-11-07 08:08:37,557 - Knowledge - ERROR - Timeout processing /app/data/kaviademo4200/40498/b0188jd/ImageJ-40498/ij/plugin/DragAndDrop.java after 90s
2025-11-07 08:08:37,650 - Knowledge - ERROR - Timeout processing /app/data/kaviademo4200/40498/b0188jd/ImageJ-40498/ij/Executer.java after 90s
2025-11-07 08:08:37,772 - Knowledge - ERROR - Timeout processing /app/data/kaviademo4200/40498/b0188jd/ImageJ-40498/ij/gui/NewImage.java after 90s
2025-11-07 08:08:37,922 - Knowledge - ERROR - Timeout processing /app/data/kaviademo4200/40498/b0188jd/ImageJ-40498/ij/plugin/GroupedZProjector.java after 90s
2025-11-07 08:08:37,993 - Knowledge - ERROR - Timeout processing /app/data/kaviademo4200/40498/b0188jd/ImageJ-40498/ij/plugin/BrowserLauncher.java after 90s
2025-11-07 08:08:38,065 - Knowledge - ERROR - Timeout processing /app/data/kaviademo4200/40498/b0188jd/ImageJ-40498/ij/text/TextCanvas.java after 90s
2025-11-07 08:08:38,175 - Knowledge - ERROR - Timeout processing /app/data/kaviademo4200/40498/b0188jd/ImageJ-40498/ij/gui/MultiLineLabel.java after 90s
2025-11-07 08:08:38,288 - Knowledge - ERROR - Timeout processing /app/data/kaviademo4200/40498/b0188jd/ImageJ-40498/ij/plugin/HyperStackReducer.java after 90s
2025-11-07 08:08:38,356 - Knowledge - ERROR - Timeout processing /app/data/kaviademo4200/40498/b0188jd/ImageJ-40498/ij/plugin/PGM_Reader.java after 90s
2025-11-07 08:08:38,432 - Knowledge - ERROR - Timeout processing /app/data/kaviademo4200/40498/b0188jd/ImageJ-40498/ij/text/TextPanel.java after 90s
2025-11-07 08:08:38,507 - Knowledge - ERROR - Timeout processing /app/data/kaviademo4200/40498/b0188jd/ImageJ-40498/ij/gui/Toolbar.java after 90s
2025-11-07 08:08:38,616 - Knowledge - ERROR - Timeout processing /app/data/kaviademo4200/40498/b0188jd/ImageJ-40498/ij/plugin/RectToolOptions.java after 90s
2025-11-07 08:08:38,689 - Knowledge - ERROR - Timeout processing /app/data/kaviademo4200/40498/b0188jd/ImageJ-40498/ij/plugin/Grid.java after 90s
2025-11-07 08:08:38,795 - Knowledge - ERROR - Timeout processing /app/data/kaviademo4200/40498/b0188jd/ImageJ-40498/ij/text/TextWindow.java after 90s
2025-11-07 08:08:38,941 - Knowledge - ERROR - Timeout processing /app/data/kaviademo4200/40498/b0188jd/ImageJ-40498/ij/gui/WaitForUserDialog.java after 90s
2025-11-07 08:08:39,041 - Knowledge - ERROR - Timeout processing /app/data/kaviademo4200/40498/b0188jd/ImageJ-40498/ij/plugin/FITS_Reader.java after 90s
2025-11-07 08:08:39,168 - Knowledge - ERROR - Timeout processing /app/data/kaviademo4200/40498/b0188jd/ImageJ-40498/ij/plugin/filter/LineGraphAnalyzer.java after 90s
2025-11-07 08:08:39,236 - Knowledge - ERROR - Timeout processing /app/data/kaviademo4200/40498/b0188jd/ImageJ-40498/ij/gui/ScrollbarWithLabel.java after 90s
2025-11-07 08:08:39,314 - Knowledge - ERROR - Timeout processing /app/data/kaviademo4200/40498/b0188jd/ImageJ-40498/ij/gui/PlotCanvas.java after 90s
2025-11-07 08:08:39,438 - Knowledge - ERROR - Timeout processing /app/data/kaviademo4200/40498/b0188jd/ImageJ-40498/ij/plugin/OverlayCommands.java after 90s
2025-11-07 08:08:39,529 - Knowledge - ERROR - Timeout processing /app/data/kaviademo4200/40498/b0188jd/ImageJ-40498/ij/plugin/filter/ImageProperties.java after 90s
2025-11-07 08:08:39,639 - Knowledge - ERROR - Timeout processing /app/data/kaviademo4200/40498/b0188jd/ImageJ-40498/ij/gui/ProfilePlot.java after 90s
2025-11-07 08:08:39,742 - Knowledge - ERROR - Timeout processing /app/data/kaviademo4200/40498/b0188jd/ImageJ-40498/ij/gui/RotatedRectRoi.java after 90s
2025-11-07 08:08:39,855 - Knowledge - ERROR - Timeout processing /app/data/kaviademo4200/40498/b0188jd/ImageJ-40498/ij/plugin/Resizer.java after 90s
2025-11-07 08:08:39,956 - Knowledge - ERROR - Timeout processing /app/data/kaviademo4200/40498/b0188jd/ImageJ-40498/ij/plugin/filter/GaussianBlur.java after 90s
2025-11-07 08:08:40,054 - Knowledge - ERROR - Timeout processing /app/data/kaviademo4200/40498/b0188jd/ImageJ-40498/ij/gui/SaveChangesDialog.java after 90s
2025-11-07 08:08:40,135 - Knowledge - ERROR - Timeout processing /app/data/kaviademo4200/40498/b0188jd/ImageJ-40498/ij/gui/ImageWindow.java after 90s
2025-11-07 08:08:40,214 - Knowledge - ERROR - Timeout processing /app/data/kaviademo4200/40498/b0188jd/ImageJ-40498/ij/plugin/AboutBox.java after 90s
2025-11-07 08:08:40,340 - Knowledge - ERROR - Timeout processing /app/data/kaviademo4200/40498/b0188jd/ImageJ-40498/ij/plugin/filter/ScaleDialog.java after 90s
2025-11-07 08:08:40,450 - Knowledge - ERROR - Timeout processing /app/data/kaviademo4200/40498/b0188jd/ImageJ-40498/ij/gui/EllipseRoi.java after 90s
2025-11-07 08:08:40,525 - Knowledge - ERROR - Timeout processing /app/data/kaviademo4200/40498/b0188jd/ImageJ-40498/ij/gui/ShapeRoi.java after 90s
2025-11-07 08:08:40,635 - Knowledge - ERROR - Timeout processing /app/data/kaviademo4200/40498/b0188jd/ImageJ-40498/ij/plugin/Thresholder.java after 90s
2025-11-07 08:08:40,726 - Knowledge - ERROR - Timeout processing /app/data/kaviademo4200/40498/b0188jd/ImageJ-40498/ij/plugin/filter/Printer.java after 90s
2025-11-07 08:08:40,829 - Knowledge - ERROR - Timeout processing /app/data/kaviademo4200/40498/b0188jd/ImageJ-40498/ij/gui/Line.java after 90s
2025-11-07 08:08:40,933 - Knowledge - ERROR - Timeout processing /app/data/kaviademo4200/40498/b0188jd/ImageJ-40498/ij/gui/Arrow.java after 90s
2025-11-07 08:08:41,014 - Knowledge - ERROR - Timeout processing /app/data/kaviademo4200/40498/b0188jd/ImageJ-40498/ij/plugin/RoiScaler.java after 90s
2025-11-07 08:08:41,100 - Knowledge - ERROR - Timeout processing /app/data/kaviademo4200/40498/b0188jd/ImageJ-40498/ij/plugin/filter/AVI_Writer.java after 90s
2025-11-07 08:08:41,188 - Knowledge - ERROR - Timeout processing /app/data/kaviademo4200/40498/b0188jd/ImageJ-40498/ij/gui/PointRoi.java after 90s
2025-11-07 08:08:41,255 - Knowledge - ERROR - Timeout processing /app/data/kaviademo4200/40498/b0188jd/ImageJ-40498/ij/gui/PlotWindow.java after 90s
2025-11-07 08:08:41,352 - Knowledge - ERROR - Timeout processing /app/data/kaviademo4200/40498/b0188jd/ImageJ-40498/ij/plugin/PointToolOptions.java after 90s
2025-11-07 08:08:41,469 - Knowledge - ERROR - Timeout processing /app/data/kaviademo4200/40498/b0188jd/ImageJ-40498/ij/plugin/filter/LutApplier.java after 90s
2025-11-07 08:08:41,551 - Knowledge - ERROR - Timeout processing /app/data/kaviademo4200/40498/b0188jd/ImageJ-40498/ij/gui/YesNoCancelDialog.java after 90s
2025-11-07 08:08:41,651 - Knowledge - ERROR - Timeout processing /app/data/kaviademo4200/40498/b0188jd/ImageJ-40498/ij/gui/RoiProperties.java after 90s
2025-11-07 08:08:41,733 - Knowledge - ERROR - Timeout processing /app/data/kaviademo4200/40498/b0188jd/ImageJ-40498/ij/plugin/WandToolOptions.java after 90s
2025-11-07 08:08:41,836 - Knowledge - ERROR - Timeout processing /app/data/kaviademo4200/40498/b0188jd/ImageJ-40498/ij/plugin/filter/ParticleAnalyzer.java after 90s
2025-11-07 08:08:41,921 - Knowledge - ERROR - Timeout processing /app/data/kaviademo4200/40498/b0188jd/ImageJ-40498/ij/gui/PlotVirtualStack.java after 90s
2025-11-07 08:08:42,036 - Knowledge - ERROR - Timeout processing /app/data/kaviademo4200/40498/b0188jd/ImageJ-40498/ij/gui/FreehandRoi.java after 90s
2025-11-07 08:08:42,112 - Knowledge - ERROR - Timeout processing /app/data/kaviademo4200/40498/b0188jd/ImageJ-40498/ij/plugin/XYCoordinates.java after 90s
2025-11-07 08:08:42,179 - Knowledge - ERROR - Timeout processing /app/data/kaviademo4200/40498/b0188jd/ImageJ-40498/ij/plugin/filter/Translator.java after 90s
2025-11-07 08:08:42,260 - Knowledge - ERROR - Timeout processing /app/data/kaviademo4200/40498/b0188jd/ImageJ-40498/ij/gui/OvalRoi.java after 90s
2025-11-07 08:08:42,344 - Knowledge - ERROR - Timeout processing /app/data/kaviademo4200/40498/b0188jd/ImageJ-40498/ij/gui/TextRoi.java after 90s
2025-11-07 08:08:42,479 - Knowledge - ERROR - Timeout processing /app/data/kaviademo4200/40498/b0188jd/ImageJ-40498/ij/plugin/LutLoader.java after 90s
2025-11-07 08:08:42,607 - Knowledge - ERROR - Timeout processing /app/data/kaviademo4200/40498/b0188jd/ImageJ-40498/ij/plugin/filter/ThresholdToSelection.java after 90s
2025-11-07 08:08:42,670 - Knowledge - ERROR - Timeout processing /app/data/kaviademo4200/40498/b0188jd/ImageJ-40498/ij/gui/RoiDefaultsDialog.java after 90s
2025-11-07 08:08:42,785 - Knowledge - ERROR - Timeout processing /app/data/kaviademo4200/40498/b0188jd/ImageJ-40498/ij/gui/ImageCanvas.java after 90s
2025-11-07 08:08:42,875 - Knowledge - ERROR - Timeout processing /app/data/kaviademo4200/40498/b0188jd/ImageJ-40498/ij/plugin/Options.java after 90s
2025-11-07 08:08:43,027 - Knowledge - ERROR - Timeout processing /app/data/kaviademo4200/40498/b0188jd/ImageJ-40498/ij/plugin/filter/ExtendedPlugInFilter.java after 90s
2025-11-07 08:08:43,109 - Knowledge - ERROR - Timeout processing /app/data/kaviademo4200/40498/b0188jd/ImageJ-40498/ij/gui/PolygonRoi.java after 90s
2025-11-07 08:08:43,182 - Knowledge - ERROR - Timeout processing /app/data/kaviademo4200/40498/b0188jd/ImageJ-40498/ij/gui/PlotDialog.java after 90s
2025-11-07 08:08:43,283 - Knowledge - ERROR - Timeout processing /app/data/kaviademo4200/40498/b0188jd/ImageJ-40498/ij/plugin/URLOpener.java after 90s
2025-11-07 08:08:43,368 - Knowledge - ERROR - Timeout processing /app/data/kaviademo4200/40498/b0188jd/ImageJ-40498/ij/plugin/filter/EDM.java after 90s
2025-11-07 08:08:43,491 - Knowledge - ERROR - Timeout processing /app/data/kaviademo4200/40498/b0188jd/ImageJ-40498/ij/gui/Overlay.java after 90s
2025-11-07 08:08:43,575 - Knowledge - ERROR - Timeout processing /app/data/kaviademo4200/40498/b0188jd/ImageJ-40498/ij/VirtualStack.java after 90s
2025-11-07 08:08:43,658 - Knowledge - ERROR - Timeout processing /app/data/kaviademo4200/40498/b0188jd/ImageJ-40498/ij/plugin/SimpleCommands.java after 90s
2025-11-07 08:08:43,728 - Knowledge - ERROR - Timeout processing /app/data/kaviademo4200/40498/b0188jd/ImageJ-40498/ij/plugin/filter/FFTFilter.java after 90s
2025-11-07 08:08:43,803 - Knowledge - ERROR - Timeout processing /app/data/kaviademo4200/40498/b0188jd/ImageJ-40498/ij/gui/ColorChooser.java after 90s
2025-11-07 08:08:43,885 - Knowledge - ERROR - Timeout processing /app/data/kaviademo4200/40498/b0188jd/ImageJ-40498/ij/ImageJ.java after 90s
2025-11-07 08:08:43,983 - Knowledge - ERROR - Timeout processing /app/data/kaviademo4200/40498/b0188jd/ImageJ-40498/ij/plugin/AppearanceOptions.java after 90s
2025-11-07 08:08:44,081 - Knowledge - ERROR - Timeout processing /app/data/kaviademo4200/40498/b0188jd/ImageJ-40498/ij/plugin/filter/MaximumFinder.java after 90s
2025-11-07 08:08:44,162 - Knowledge - ERROR - Timeout processing /app/data/kaviademo4200/40498/b0188jd/ImageJ-40498/ij/gui/Roi.java after 90s
2025-11-07 08:08:44,237 - Knowledge - ERROR - Timeout processing /app/data/kaviademo4200/40498/b0188jd/ImageJ-40498/ij/IJ.java after 90s
2025-11-07 08:08:44,309 - Knowledge - ERROR - Timeout processing /app/data/kaviademo4200/40498/b0188jd/ImageJ-40498/ij/plugin/CommandLister.java after 90s
2025-11-07 08:08:44,380 - Knowledge - ERROR - Timeout processing /app/data/kaviademo4200/40498/b0188jd/ImageJ-40498/ij/plugin/filter/Analyzer.java after 90s
2025-11-07 08:08:44,451 - Knowledge - ERROR - Timeout processing /app/data/kaviademo4200/40498/b0188jd/ImageJ-40498/ij/gui/Wand.java after 90s
2025-11-07 08:08:44,520 - Knowledge - ERROR - Timeout processing /app/data/kaviademo4200/40498/b0188jd/ImageJ-40498/ij/WindowManager.java after 90s
2025-11-07 08:08:44,622 - Knowledge - ERROR - Timeout processing /app/data/kaviademo4200/40498/b0188jd/ImageJ-40498/ij/plugin/BatchProcessor.java after 90s
2025-11-07 08:08:44,708 - Knowledge - ERROR - Timeout processing /app/data/kaviademo4200/40498/b0188jd/ImageJ-40498/ij/plugin/filter/FractalBoxCounter.java after 90s
2025-11-07 08:08:44,778 - Knowledge - ERROR - Timeout processing /app/data/kaviademo4200/40498/b0188jd/ImageJ-40498/ij/gui/ProgressBar.java after 90s
2025-11-07 08:08:44,942 - Knowledge - ERROR - Timeout processing /app/data/kaviademo4200/40498/b0188jd/ImageJ-40498/ij/OtherInstance.java after 90s
2025-11-07 08:08:45,027 - Knowledge - ERROR - Timeout processing /app/data/kaviademo4200/40498/b0188jd/ImageJ-40498/ij/plugin/Slicer.java after 90s
2025-11-07 08:08:45,108 - Knowledge - ERROR - Timeout processing /app/data/kaviademo4200/40498/b0188jd/ImageJ-40498/ij/plugin/filter/Convolver.java after 90s
2025-11-07 08:08:45,201 - Knowledge - ERROR - Timeout processing /app/data/kaviademo4200/40498/b0188jd/ImageJ-40498/ij/gui/HistogramWindow.java after 90s
2025-11-07 08:08:45,273 - Knowledge - ERROR - Timeout processing /app/data/kaviademo4200/40498/b0188jd/ImageJ-40498/ij/plugin/CanvasResizer.java after 90s
2025-11-07 08:08:45,399 - Knowledge - ERROR - Timeout processing /app/data/kaviademo4200/40498/b0188jd/ImageJ-40498/ij/plugin/ContrastEnhancer.java after 90s
2025-11-07 08:08:45,484 - Knowledge - ERROR - Timeout processing /app/data/kaviademo4200/40498/b0188jd/ImageJ-40498/ij/plugin/filter/Filler.java after 90s
2025-11-07 08:08:45,556 - Knowledge - WARNING - File /app/data/kaviademo4200/40498/b0188jd/ImageJ-40498/ij/LookUpTable.java not successfully processed
2025-11-07 08:08:45,677 - Knowledge - ERROR - Timeout processing /app/data/kaviademo4200/40498/b0188jd/ImageJ-40498/ij/plugin/SubstackMaker.java after 90s
2025-11-07 08:08:45,757 - Knowledge - ERROR - Timeout processing /app/data/kaviademo4200/40498/b0188jd/ImageJ-40498/ij/plugin/AVI_Reader.java after 90s
2025-11-07 08:08:45,878 - Knowledge - ERROR - Timeout processing /app/data/kaviademo4200/40498/b0188jd/ImageJ-40498/ij/plugin/filter/FFTCustomFilter.java after 90s
2025-11-07 08:08:45,956 - Knowledge - WARNING - File /app/data/kaviademo4200/40498/b0188jd/ImageJ-40498/ij/Macro.java not successfully processed
2025-11-07 08:08:46,031 - Knowledge - ERROR - Timeout processing /app/data/kaviademo4200/40498/b0188jd/ImageJ-40498/ij/plugin/Straightener.java after 90s
2025-11-07 08:08:46,122 - Knowledge - ERROR - Timeout processing /app/data/kaviademo4200/40498/b0188jd/ImageJ-40498/ij/plugin/ZProjector.java after 90s
2025-11-07 08:08:46,246 - Knowledge - ERROR - Timeout processing /app/data/kaviademo4200/40498/b0188jd/ImageJ-40498/ij/plugin/filter/Shadows.java after 90s
2025-11-07 08:08:46,351 - Knowledge - WARNING - File /app/data/kaviademo4200/40498/b0188jd/ImageJ-40498/ij/measure/Calibration.java not successfully processed
2025-11-07 08:08:46,425 - Knowledge - ERROR - Timeout processing /app/data/kaviademo4200/40498/b0188jd/ImageJ-40498/ij/plugin/Filters3D.java after 90s
2025-11-07 08:08:46,496 - Knowledge - ERROR - Timeout processing /app/data/kaviademo4200/40498/b0188jd/ImageJ-40498/ij/plugin/FITS_Writer.java after 90s
2025-11-07 08:08:46,574 - Knowledge - ERROR - Timeout processing /app/data/kaviademo4200/40498/b0188jd/ImageJ-40498/ij/plugin/filter/Filters.java after 90s
2025-11-07 08:08:46,677 - Knowledge - WARNING - File /app/data/kaviademo4200/40498/b0188jd/ImageJ-40498/ij/measure/Minimizer.java not successfully processed
2025-11-07 08:08:46,751 - Knowledge - ERROR - Timeout processing /app/data/kaviademo4200/40498/b0188jd/ImageJ-40498/ij/plugin/StackPlotter.java after 90s
2025-11-07 08:08:46,822 - Knowledge - ERROR - Timeout processing /app/data/kaviademo4200/40498/b0188jd/ImageJ-40498/ij/plugin/ZAxisProfiler.java after 90s
2025-11-07 08:08:46,900 - Knowledge - ERROR - Timeout processing /app/data/kaviademo4200/40498/b0188jd/ImageJ-40498/ij/plugin/filter/PlugInFilter.java after 90s
2025-11-07 08:08:46,981 - Knowledge - WARNING - File /app/data/kaviademo4200/40498/b0188jd/ImageJ-40498/ij/measure/ResultsTable.java not successfully processed
2025-11-07 08:08:47,060 - Knowledge - ERROR - Timeout processing /app/data/kaviademo4200/40498/b0188jd/ImageJ-40498/ij/plugin/StackReducer.java after 90s
2025-11-07 08:08:47,182 - Knowledge - ERROR - Timeout processing /app/data/kaviademo4200/40498/b0188jd/ImageJ-40498/ij/plugin/Colors.java after 90s
2025-11-07 08:08:47,260 - Knowledge - ERROR - Timeout processing /app/data/kaviademo4200/40498/b0188jd/ImageJ-40498/ij/plugin/filter/Binary.java after 90s
2025-11-07 08:08:47,335 - Knowledge - WARNING - File /app/data/kaviademo4200/40498/b0188jd/ImageJ-40498/ij/measure/SplineFitter.java not successfully processed
2025-11-07 08:08:47,427 - Knowledge - ERROR - Timeout processing /app/data/kaviademo4200/40498/b0188jd/ImageJ-40498/ij/plugin/MacroInstaller.java after 90s
2025-11-07 08:08:47,545 - Knowledge - ERROR - Timeout processing /app/data/kaviademo4200/40498/b0188jd/ImageJ-40498/ij/plugin/Commands.java after 90s
2025-11-07 08:08:47,628 - Knowledge - ERROR - Timeout processing /app/data/kaviademo4200/40498/b0188jd/ImageJ-40498/ij/plugin/filter/RankFilters.java after 90s
2025-11-07 08:08:47,713 - Knowledge - WARNING - File /app/data/kaviademo4200/40498/b0188jd/ImageJ-40498/ij/measure/CurveFitter.java not successfully processed
2025-11-07 08:08:47,788 - Knowledge - ERROR - Timeout processing /app/data/kaviademo4200/40498/b0188jd/ImageJ-40498/ij/plugin/ChannelSplitter.java after 90s
2025-11-07 08:08:47,870 - Knowledge - ERROR - Timeout processing /app/data/kaviademo4200/40498/b0188jd/ImageJ-40498/ij/plugin/StackInserter.java after 90s
2025-11-07 08:08:47,988 - Knowledge - ERROR - Timeout processing /app/data/kaviademo4200/40498/b0188jd/ImageJ-40498/ij/plugin/filter/StackLabeler.java after 90s
2025-11-07 08:08:48,058 - Knowledge - WARNING - File /app/data/kaviademo4200/40498/b0188jd/ImageJ-40498/ij/measure/ResultsTableMacros.java not successfully processed
2025-11-07 08:08:48,144 - Knowledge - ERROR - Timeout processing /app/data/kaviademo4200/40498/b0188jd/ImageJ-40498/ij/plugin/FFT.java after 90s
2025-11-07 08:08:48,246 - Knowledge - ERROR - Timeout processing /app/data/kaviademo4200/40498/b0188jd/ImageJ-40498/ij/plugin/BatchConverter.java after 90s
2025-11-07 08:08:48,375 - Knowledge - ERROR - Timeout processing /app/data/kaviademo4200/40498/b0188jd/ImageJ-40498/ij/plugin/filter/UnsharpMask.java after 90s
2025-11-07 08:08:48,468 - Knowledge - WARNING - File /app/data/kaviademo4200/40498/b0188jd/ImageJ-40498/ij/Undo.java not successfully processed
2025-11-07 08:08:48,537 - Knowledge - ERROR - Timeout processing /app/data/kaviademo4200/40498/b0188jd/ImageJ-40498/ij/plugin/Distribution.java after 90s
2025-11-07 08:08:48,632 - Knowledge - ERROR - Timeout processing /app/data/kaviademo4200/40498/b0188jd/ImageJ-40498/ij/plugin/FFTMath.java after 90s
2025-11-07 08:08:48,719 - Knowledge - ERROR - Timeout processing /app/data/kaviademo4200/40498/b0188jd/ImageJ-40498/ij/plugin/filter/ImageMath.java after 90s
2025-11-07 08:08:48,804 - Knowledge - WARNING - File /app/data/kaviademo4200/40498/b0188jd/ImageJ-40498/ij/CompositeImage.java not successfully processed
2025-11-07 08:08:48,916 - Knowledge - ERROR - Timeout processing /app/data/kaviademo4200/40498/b0188jd/ImageJ-40498/ij/plugin/Clipboard.java after 90s
2025-11-07 08:08:49,033 - Knowledge - ERROR - Timeout processing /app/data/kaviademo4200/40498/b0188jd/ImageJ-40498/ij/plugin/Orthogonal_Views.java after 90s
2025-11-07 08:08:49,113 - Knowledge - ERROR - Timeout processing /app/data/kaviademo4200/40498/b0188jd/ImageJ-40498/ij/plugin/filter/Transformer.java after 90s
2025-11-07 08:08:49,215 - Knowledge - WARNING - File /app/data/kaviademo4200/40498/b0188jd/ImageJ-40498/ij/util/Java2.java not successfully processed
2025-11-07 08:08:49,306 - Knowledge - WARNING - File /app/data/kaviademo4200/40498/b0188jd/ImageJ-40498/ij/gui/StackWindow.java not successfully processed
2025-11-07 08:08:49,402 - Knowledge - ERROR - Timeout processing /app/data/kaviademo4200/40498/b0188jd/ImageJ-40498/ij/plugin/RoiEnlarger.java after 90s
2025-11-07 08:08:49,542 - Knowledge - ERROR - Timeout processing /app/data/kaviademo4200/40498/b0188jd/ImageJ-40498/ij/plugin/filter/Calibrator.java after 90s
2025-11-07 08:08:49,623 - Knowledge - WARNING - File /app/data/kaviademo4200/40498/b0188jd/ImageJ-40498/ij/util/StringSorter.java not successfully processed
2025-11-07 08:08:49,766 - Knowledge - WARNING - File /app/data/kaviademo4200/40498/b0188jd/ImageJ-40498/ij/gui/RoiBrush.java not successfully processed
2025-11-07 08:08:49,842 - Knowledge - ERROR - Timeout processing /app/data/kaviademo4200/40498/b0188jd/ImageJ-40498/ij/plugin/Scaler.java after 90s
2025-11-07 08:08:49,913 - Knowledge - ERROR - Timeout processing /app/data/kaviademo4200/40498/b0188jd/ImageJ-40498/ij/plugin/filter/Rotator.java after 90s
2025-11-07 08:08:49,989 - Knowledge - WARNING - File /app/data/kaviademo4200/40498/b0188jd/ImageJ-40498/ij/util/ThreadUtil.java not successfully processed
2025-11-07 08:08:50,100 - Knowledge - WARNING - File /app/data/kaviademo4200/40498/b0188jd/ImageJ-40498/ij/gui/NonBlockingGenericDialog.java not successfully processed
2025-11-07 08:08:50,173 - Knowledge - ERROR - Timeout processing /app/data/kaviademo4200/40498/b0188jd/ImageJ-40498/ij/plugin/JavaScriptEvaluator.java after 90s
2025-11-07 08:08:50,249 - Knowledge - ERROR - Timeout processing /app/data/kaviademo4200/40498/b0188jd/ImageJ-40498/ij/plugin/filter/Benchmark.java after 90s
2025-11-07 08:08:50,321 - Knowledge - WARNING - File /app/data/kaviademo4200/40498/b0188jd/ImageJ-40498/ij/util/Tools.java not successfully processed
2025-11-07 08:08:50,400 - Knowledge - WARNING - File /app/data/kaviademo4200/40498/b0188jd/ImageJ-40498/ij/gui/ImageLayout.java not successfully processed
2025-11-07 08:08:50,492 - Knowledge - ERROR - Timeout processing /app/data/kaviademo4200/40498/b0188jd/ImageJ-40498/ij/plugin/Selection.java after 90s
2025-11-07 08:08:50,603 - Knowledge - ERROR - Timeout processing /app/data/kaviademo4200/40498/b0188jd/ImageJ-40498/ij/plugin/filter/LutViewer.java after 90s
2025-11-07 08:08:50,683 - Knowledge - WARNING - File /app/data/kaviademo4200/40498/b0188jd/ImageJ-40498/ij/util/FontUtil.java not successfully processed
2025-11-07 08:08:50,754 - Knowledge - WARNING - File /app/data/kaviademo4200/40498/b0188jd/ImageJ-40498/ij/gui/MessageDialog.java not successfully processed
2025-11-07 08:08:50,856 - Knowledge - ERROR - Timeout processing /app/data/kaviademo4200/40498/b0188jd/ImageJ-40498/ij/plugin/StackMaker.java after 90s
2025-11-07 08:08:50,936 - Knowledge - ERROR - Timeout processing /app/data/kaviademo4200/40498/b0188jd/ImageJ-40498/ij/plugin/filter/PlugInFilterRunner.java after 90s
2025-11-07 08:08:51,064 - Knowledge - WARNING - File /app/data/kaviademo4200/40498/b0188jd/ImageJ-40498/ij/util/FloatArray.java not successfully processed
2025-11-07 08:08:51,152 - Knowledge - WARNING - File /app/data/kaviademo4200/40498/b0188jd/ImageJ-40498/ij/gui/HTMLDialog.java not successfully processed
2025-11-07 08:08:51,284 - Knowledge - WARNING - File /app/data/kaviademo4200/40498/b0188jd/ImageJ-40498/ij/plugin/Converter.java not successfully processed
2025-11-07 08:08:51,391 - Knowledge - ERROR - Timeout processing /app/data/kaviademo4200/40498/b0188jd/ImageJ-40498/ij/plugin/filter/BackgroundSubtracter.java after 90s
2025-11-07 08:08:51,474 - Knowledge - WARNING - File /app/data/kaviademo4200/40498/b0188jd/ImageJ-40498/ij/util/ArrayUtil.java not successfully processed
2025-11-07 08:08:51,573 - Knowledge - WARNING - File /app/data/kaviademo4200/40498/b0188jd/ImageJ-40498/ij/gui/GUI.java not successfully processed
2025-11-07 08:08:51,637 - Knowledge - WARNING - File /app/data/kaviademo4200/40498/b0188jd/ImageJ-40498/ij/plugin/GIF_Reader.java not successfully processed
2025-11-07 08:08:51,759 - Knowledge - ERROR - Timeout processing /app/data/kaviademo4200/40498/b0188jd/ImageJ-40498/ij/plugin/tool/RoiRotationTool.java after 90s
2025-11-07 08:08:51,829 - Knowledge - WARNING - File /app/data/kaviademo4200/40498/b0188jd/ImageJ-40498/ij/util/DicomTools.java not successfully processed
2025-11-07 08:08:51,953 - Knowledge - WARNING - File /app/data/kaviademo4200/40498/b0188jd/ImageJ-40498/ij/gui/ImageRoi.java not successfully processed
2025-11-07 08:08:52,062 - Knowledge - WARNING - File /app/data/kaviademo4200/40498/b0188jd/ImageJ-40498/ij/plugin/SubHyperstackMaker.java not successfully processed
2025-11-07 08:08:52,153 - Knowledge - ERROR - Timeout processing /app/data/kaviademo4200/40498/b0188jd/ImageJ-40498/ij/plugin/tool/OverlayBrushTool.java after 90s
2025-11-07 08:08:52,225 - Knowledge - WARNING - File /app/data/kaviademo4200/40498/b0188jd/ImageJ-40498/ij/util/WildcardMatch.java not successfully processed
2025-11-07 08:08:52,296 - Knowledge - WARNING - File /app/data/kaviademo4200/40498/b0188jd/ImageJ-40498/ij/gui/PlotContentsDialog.java not successfully processed
2025-11-07 08:08:52,389 - Knowledge - WARNING - File /app/data/kaviademo4200/40498/b0188jd/ImageJ-40498/ij/plugin/Projector.java not successfully processed
2025-11-07 08:08:52,463 - Knowledge - ERROR - Timeout processing /app/data/kaviademo4200/40498/b0188jd/ImageJ-40498/ij/plugin/tool/PixelInspectionTool.java after 90s
2025-11-07 08:08:52,606 - Knowledge - WARNING - File /app/data/kaviademo4200/40498/b0188jd/ImageJ-40498/ij/ImageStack.java not successfully processed
2025-11-07 08:08:52,710 - Knowledge - WARNING - File /app/data/kaviademo4200/40498/b0188jd/ImageJ-40498/ij/gui/HistogramPlot.java not successfully processed
2025-11-07 08:08:52,783 - Knowledge - WARNING - File /app/data/kaviademo4200/40498/b0188jd/ImageJ-40498/ij/plugin/TextReader.java not successfully processed
2025-11-07 08:08:52,852 - Knowledge - WARNING - File /app/data/kaviademo4200/40498/b0188jd/ImageJ-40498/ij/plugin/HyperStackConverter.java not successfully processed
2025-11-07 08:08:52,947 - Knowledge - WARNING - File /app/data/kaviademo4200/40498/b0188jd/ImageJ-40498/ij/Executer.java not successfully processed
2025-11-07 08:08:53,059 - Knowledge - WARNING - File /app/data/kaviademo4200/40498/b0188jd/ImageJ-40498/ij/gui/GenericDialog.java not successfully processed
2025-11-07 08:08:53,136 - Knowledge - WARNING - File /app/data/kaviademo4200/40498/b0188jd/ImageJ-40498/ij/plugin/EventListener.java not successfully processed
2025-11-07 08:08:53,212 - Knowledge - WARNING - File /app/data/kaviademo4200/40498/b0188jd/ImageJ-40498/ij/plugin/DragAndDrop.java not successfully processed
2025-11-07 08:08:53,296 - Knowledge - WARNING - File /app/data/kaviademo4200/40498/b0188jd/ImageJ-40498/ij/text/TextCanvas.java not successfully processed
2025-11-07 08:08:53,393 - Knowledge - WARNING - File /app/data/kaviademo4200/40498/b0188jd/ImageJ-40498/ij/gui/NewImage.java not successfully processed
2025-11-07 08:08:53,476 - Knowledge - WARNING - File /app/data/kaviademo4200/40498/b0188jd/ImageJ-40498/ij/plugin/GroupedZProjector.java not successfully processed
2025-11-07 08:08:53,590 - Knowledge - WARNING - File /app/data/kaviademo4200/40498/b0188jd/ImageJ-40498/ij/plugin/BrowserLauncher.java not successfully processed
2025-11-07 08:08:53,680 - Knowledge - WARNING - File /app/data/kaviademo4200/40498/b0188jd/ImageJ-40498/ij/text/TextPanel.java not successfully processed
2025-11-07 08:08:53,770 - Knowledge - WARNING - File /app/data/kaviademo4200/40498/b0188jd/ImageJ-40498/ij/gui/MultiLineLabel.java not successfully processed
2025-11-07 08:08:53,886 - Knowledge - WARNING - File /app/data/kaviademo4200/40498/b0188jd/ImageJ-40498/ij/plugin/HyperStackReducer.java not successfully processed
2025-11-07 08:08:53,979 - Knowledge - WARNING - File /app/data/kaviademo4200/40498/b0188jd/ImageJ-40498/ij/plugin/PGM_Reader.java not successfully processed
2025-11-07 08:08:54,080 - Knowledge - WARNING - File /app/data/kaviademo4200/40498/b0188jd/ImageJ-40498/ij/text/TextWindow.java not successfully processed
2025-11-07 08:08:54,185 - Knowledge - WARNING - File /app/data/kaviademo4200/40498/b0188jd/ImageJ-40498/ij/gui/Toolbar.java not successfully processed
2025-11-07 08:08:54,262 - Knowledge - WARNING - File /app/data/kaviademo4200/40498/b0188jd/ImageJ-40498/ij/plugin/RectToolOptions.java not successfully processed
2025-11-07 08:08:54,352 - Knowledge - WARNING - File /app/data/kaviademo4200/40498/b0188jd/ImageJ-40498/ij/plugin/Grid.java not successfully processed
2025-11-07 08:08:54,470 - Knowledge - WARNING - File /app/data/kaviademo4200/40498/b0188jd/ImageJ-40498/ij/gui/ScrollbarWithLabel.java not successfully processed
2025-11-07 08:08:54,547 - Knowledge - WARNING - File /app/data/kaviademo4200/40498/b0188jd/ImageJ-40498/ij/gui/WaitForUserDialog.java not successfully processed
2025-11-07 08:08:54,654 - Knowledge - WARNING - File /app/data/kaviademo4200/40498/b0188jd/ImageJ-40498/ij/plugin/FITS_Reader.java not successfully processed
2025-11-07 08:08:54,758 - Knowledge - WARNING - File /app/data/kaviademo4200/40498/b0188jd/ImageJ-40498/ij/plugin/filter/LineGraphAnalyzer.java not successfully processed
2025-11-07 08:08:54,843 - Knowledge - WARNING - File /app/data/kaviademo4200/40498/b0188jd/ImageJ-40498/ij/gui/ProfilePlot.java not successfully processed
2025-11-07 08:08:54,954 - Knowledge - WARNING - File /app/data/kaviademo4200/40498/b0188jd/ImageJ-40498/ij/gui/PlotCanvas.java not successfully processed
2025-11-07 08:08:55,035 - Knowledge - WARNING - File /app/data/kaviademo4200/40498/b0188jd/ImageJ-40498/ij/plugin/OverlayCommands.java not successfully processed
2025-11-07 08:08:55,102 - Knowledge - WARNING - File /app/data/kaviademo4200/40498/b0188jd/ImageJ-40498/ij/plugin/filter/ImageProperties.java not successfully processed
2025-11-07 08:08:55,186 - Knowledge - WARNING - File /app/data/kaviademo4200/40498/b0188jd/ImageJ-40498/ij/gui/SaveChangesDialog.java not successfully processed
2025-11-07 08:08:55,269 - Knowledge - WARNING - File /app/data/kaviademo4200/40498/b0188jd/ImageJ-40498/ij/gui/RotatedRectRoi.java not successfully processed
2025-11-07 08:08:55,350 - Knowledge - WARNING - File /app/data/kaviademo4200/40498/b0188jd/ImageJ-40498/ij/plugin/Resizer.java not successfully processed
2025-11-07 08:08:55,492 - Knowledge - WARNING - File /app/data/kaviademo4200/40498/b0188jd/ImageJ-40498/ij/plugin/filter/GaussianBlur.java not successfully processed
2025-11-07 08:08:55,567 - Knowledge - WARNING - File /app/data/kaviademo4200/40498/b0188jd/ImageJ-40498/ij/gui/EllipseRoi.java not successfully processed
2025-11-07 08:08:55,644 - Knowledge - WARNING - File /app/data/kaviademo4200/40498/b0188jd/ImageJ-40498/ij/gui/ImageWindow.java not successfully processed
2025-11-07 08:08:55,754 - Knowledge - WARNING - File /app/data/kaviademo4200/40498/b0188jd/ImageJ-40498/ij/plugin/AboutBox.java not successfully processed
2025-11-07 08:08:55,823 - Knowledge - WARNING - File /app/data/kaviademo4200/40498/b0188jd/ImageJ-40498/ij/plugin/filter/ScaleDialog.java not successfully processed
2025-11-07 08:08:55,917 - Knowledge - WARNING - File /app/data/kaviademo4200/40498/b0188jd/ImageJ-40498/ij/gui/Line.java not successfully processed
2025-11-07 08:08:55,997 - Knowledge - WARNING - File /app/data/kaviademo4200/40498/b0188jd/ImageJ-40498/ij/gui/ShapeRoi.java not successfully processed
2025-11-07 08:08:56,092 - Knowledge - WARNING - File /app/data/kaviademo4200/40498/b0188jd/ImageJ-40498/ij/plugin/Thresholder.java not successfully processed
2025-11-07 08:08:56,204 - Knowledge - WARNING - File /app/data/kaviademo4200/40498/b0188jd/ImageJ-40498/ij/plugin/filter/Printer.java not successfully processed
2025-11-07 08:08:56,297 - Knowledge - WARNING - File /app/data/kaviademo4200/40498/b0188jd/ImageJ-40498/ij/gui/PointRoi.java not successfully processed
2025-11-07 08:08:56,371 - Knowledge - WARNING - File /app/data/kaviademo4200/40498/b0188jd/ImageJ-40498/ij/gui/Arrow.java not successfully processed
2025-11-07 08:08:56,453 - Knowledge - WARNING - File /app/data/kaviademo4200/40498/b0188jd/ImageJ-40498/ij/plugin/RoiScaler.java not successfully processed
2025-11-07 08:08:56,527 - Knowledge - WARNING - File /app/data/kaviademo4200/40498/b0188jd/ImageJ-40498/ij/plugin/filter/AVI_Writer.java not successfully processed
2025-11-07 08:08:56,609 - Knowledge - WARNING - File /app/data/kaviademo4200/40498/b0188jd/ImageJ-40498/ij/gui/YesNoCancelDialog.java not successfully processed
2025-11-07 08:08:56,694 - Knowledge - WARNING - File /app/data/kaviademo4200/40498/b0188jd/ImageJ-40498/ij/gui/PlotWindow.java not successfully processed
2025-11-07 08:08:56,782 - Knowledge - WARNING - File /app/data/kaviademo4200/40498/b0188jd/ImageJ-40498/ij/plugin/PointToolOptions.java not successfully processed
2025-11-07 08:08:56,870 - Knowledge - WARNING - File /app/data/kaviademo4200/40498/b0188jd/ImageJ-40498/ij/plugin/filter/LutApplier.java not successfully processed
2025-11-07 08:08:56,955 - Knowledge - WARNING - File /app/data/kaviademo4200/40498/b0188jd/ImageJ-40498/ij/gui/PlotVirtualStack.java not successfully processed
2025-11-07 08:08:57,034 - Knowledge - WARNING - File /app/data/kaviademo4200/40498/b0188jd/ImageJ-40498/ij/gui/RoiProperties.java not successfully processed
2025-11-07 08:08:57,123 - Knowledge - WARNING - File /app/data/kaviademo4200/40498/b0188jd/ImageJ-40498/ij/plugin/WandToolOptions.java not successfully processed
2025-11-07 08:08:57,213 - Knowledge - WARNING - File /app/data/kaviademo4200/40498/b0188jd/ImageJ-40498/ij/plugin/filter/ParticleAnalyzer.java not successfully processed
2025-11-07 08:08:57,287 - Knowledge - WARNING - File /app/data/kaviademo4200/40498/b0188jd/ImageJ-40498/ij/gui/OvalRoi.java not successfully processed
2025-11-07 08:08:57,364 - Knowledge - WARNING - File /app/data/kaviademo4200/40498/b0188jd/ImageJ-40498/ij/gui/FreehandRoi.java not successfully processed
2025-11-07 08:08:57,451 - Knowledge - WARNING - File /app/data/kaviademo4200/40498/b0188jd/ImageJ-40498/ij/plugin/XYCoordinates.java not successfully processed
2025-11-07 08:08:57,549 - Knowledge - WARNING - File /app/data/kaviademo4200/40498/b0188jd/ImageJ-40498/ij/plugin/filter/Translator.java not successfully processed
2025-11-07 08:08:57,618 - Knowledge - WARNING - File /app/data/kaviademo4200/40498/b0188jd/ImageJ-40498/ij/gui/RoiDefaultsDialog.java not successfully processed
2025-11-07 08:08:57,720 - Knowledge - WARNING - File /app/data/kaviademo4200/40498/b0188jd/ImageJ-40498/ij/gui/TextRoi.java not successfully processed
2025-11-07 08:08:57,817 - Knowledge - WARNING - File /app/data/kaviademo4200/40498/b0188jd/ImageJ-40498/ij/plugin/LutLoader.java not successfully processed
2025-11-07 08:08:57,922 - Knowledge - WARNING - File /app/data/kaviademo4200/40498/b0188jd/ImageJ-40498/ij/plugin/filter/ThresholdToSelection.java not successfully processed
2025-11-07 08:08:57,989 - Knowledge - WARNING - File /app/data/kaviademo4200/40498/b0188jd/ImageJ-40498/ij/gui/PolygonRoi.java not successfully processed
2025-11-07 08:08:58,073 - Knowledge - WARNING - File /app/data/kaviademo4200/40498/b0188jd/ImageJ-40498/ij/gui/ImageCanvas.java not successfully processed
2025-11-07 08:08:58,154 - Knowledge - WARNING - File /app/data/kaviademo4200/40498/b0188jd/ImageJ-40498/ij/plugin/Options.java not successfully processed
2025-11-07 08:08:58,232 - Knowledge - WARNING - File /app/data/kaviademo4200/40498/b0188jd/ImageJ-40498/ij/plugin/filter/ExtendedPlugInFilter.java not successfully processed
2025-11-07 08:08:58,351 - Knowledge - WARNING - File /app/data/kaviademo4200/40498/b0188jd/ImageJ-40498/ij/gui/Overlay.java not successfully processed
2025-11-07 08:08:58,453 - Knowledge - WARNING - File /app/data/kaviademo4200/40498/b0188jd/ImageJ-40498/ij/gui/PlotDialog.java not successfully processed
2025-11-07 08:08:58,539 - Knowledge - WARNING - File /app/data/kaviademo4200/40498/b0188jd/ImageJ-40498/ij/plugin/URLOpener.java not successfully processed
2025-11-07 08:08:58,617 - Knowledge - WARNING - File /app/data/kaviademo4200/40498/b0188jd/ImageJ-40498/ij/plugin/filter/EDM.java not successfully processed
2025-11-07 08:08:58,701 - Knowledge - WARNING - File /app/data/kaviademo4200/40498/b0188jd/ImageJ-40498/ij/gui/ColorChooser.java not successfully processed
2025-11-07 08:08:58,778 - Knowledge - WARNING - File /app/data/kaviademo4200/40498/b0188jd/ImageJ-40498/ij/VirtualStack.java not successfully processed
2025-11-07 08:08:58,886 - Knowledge - WARNING - File /app/data/kaviademo4200/40498/b0188jd/ImageJ-40498/ij/plugin/SimpleCommands.java not successfully processed
2025-11-07 08:08:58,964 - Knowledge - WARNING - File /app/data/kaviademo4200/40498/b0188jd/ImageJ-40498/ij/plugin/filter/FFTFilter.java not successfully processed
2025-11-07 08:08:59,055 - Knowledge - WARNING - File /app/data/kaviademo4200/40498/b0188jd/ImageJ-40498/ij/gui/Roi.java not successfully processed
2025-11-07 08:08:59,121 - Knowledge - WARNING - File /app/data/kaviademo4200/40498/b0188jd/ImageJ-40498/ij/ImageJ.java not successfully processed
2025-11-07 08:08:59,248 - Knowledge - WARNING - File /app/data/kaviademo4200/40498/b0188jd/ImageJ-40498/ij/plugin/AppearanceOptions.java not successfully processed
2025-11-07 08:08:59,320 - Knowledge - WARNING - File /app/data/kaviademo4200/40498/b0188jd/ImageJ-40498/ij/plugin/filter/MaximumFinder.java not successfully processed
2025-11-07 08:08:59,395 - Knowledge - WARNING - File /app/data/kaviademo4200/40498/b0188jd/ImageJ-40498/ij/gui/Wand.java not successfully processed
2025-11-07 08:08:59,476 - Knowledge - WARNING - File /app/data/kaviademo4200/40498/b0188jd/ImageJ-40498/ij/IJ.java not successfully processed
2025-11-07 08:08:59,614 - Knowledge - WARNING - File /app/data/kaviademo4200/40498/b0188jd/ImageJ-40498/ij/plugin/CommandLister.java not successfully processed
2025-11-07 08:08:59,707 - Knowledge - WARNING - File /app/data/kaviademo4200/40498/b0188jd/ImageJ-40498/ij/plugin/filter/Analyzer.java not successfully processed
2025-11-07 08:08:59,791 - Knowledge - WARNING - File /app/data/kaviademo4200/40498/b0188jd/ImageJ-40498/ij/gui/ProgressBar.java not successfully processed
2025-11-07 08:08:59,900 - Knowledge - WARNING - File /app/data/kaviademo4200/40498/b0188jd/ImageJ-40498/ij/WindowManager.java not successfully processed
2025-11-07 08:08:59,984 - Knowledge - WARNING - File /app/data/kaviademo4200/40498/b0188jd/ImageJ-40498/ij/plugin/BatchProcessor.java not successfully processed
2025-11-07 08:09:00,052 - Knowledge - WARNING - File /app/data/kaviademo4200/40498/b0188jd/ImageJ-40498/ij/plugin/filter/FractalBoxCounter.java not successfully processed
2025-11-07 08:09:00,196 - Knowledge - WARNING - File /app/data/kaviademo4200/40498/b0188jd/ImageJ-40498/ij/gui/HistogramWindow.java not successfully processed
2025-11-07 08:09:00,319 - Knowledge - WARNING - File /app/data/kaviademo4200/40498/b0188jd/ImageJ-40498/ij/OtherInstance.java not successfully processed
2025-11-07 08:09:00,392 - Knowledge - WARNING - File /app/data/kaviademo4200/40498/b0188jd/ImageJ-40498/ij/plugin/Slicer.java not successfully processed
2025-11-07 08:09:00,489 - Knowledge - WARNING - File /app/data/kaviademo4200/40498/b0188jd/ImageJ-40498/ij/plugin/filter/Convolver.java not successfully processed
2025-11-07 08:09:00,570 - Knowledge - INFO - Processing batch of 9 files
2025-11-07 08:09:00,659 - Knowledge - WARNING - File /app/data/kaviademo4200/40498/b0188jd/ImageJ-40498/ij/plugin/CanvasResizer.java not successfully processed
2025-11-07 08:09:00,747 - Knowledge - WARNING - File /app/data/kaviademo4200/40498/b0188jd/ImageJ-40498/ij/plugin/ContrastEnhancer.java not successfully processed
2025-11-07 08:09:00,863 - Knowledge - WARNING - File /app/data/kaviademo4200/40498/b0188jd/ImageJ-40498/ij/plugin/filter/Filler.java not successfully processed
2025-11-07 08:09:00,946 - Knowledge - INFO - process ingested knowledge for /app/data/kaviademo4200/40498/b0188jd/ImageJ-40498/ij/measure/Measurements.java
2025-11-07 08:09:01,019 - Knowledge - WARNING - File /app/data/kaviademo4200/40498/b0188jd/ImageJ-40498/ij/plugin/SubstackMaker.java not successfully processed
2025-11-07 08:09:01,133 - Knowledge - WARNING - File /app/data/kaviademo4200/40498/b0188jd/ImageJ-40498/ij/plugin/AVI_Reader.java not successfully processed
2025-11-07 08:09:01,234 - Knowledge - WARNING - File /app/data/kaviademo4200/40498/b0188jd/ImageJ-40498/ij/plugin/filter/FFTCustomFilter.java not successfully processed
2025-11-07 08:09:01,311 - Knowledge - INFO - process ingested knowledge for /app/data/kaviademo4200/40498/b0188jd/ImageJ-40498/ij/measure/UserFunction.java
2025-11-07 08:09:01,376 - Knowledge - WARNING - File /app/data/kaviademo4200/40498/b0188jd/ImageJ-40498/ij/plugin/Straightener.java not successfully processed
2025-11-07 08:09:01,460 - Knowledge - WARNING - File /app/data/kaviademo4200/40498/b0188jd/ImageJ-40498/ij/plugin/ZProjector.java not successfully processed
2025-11-07 08:09:01,558 - Knowledge - WARNING - File /app/data/kaviademo4200/40498/b0188jd/ImageJ-40498/ij/plugin/filter/Shadows.java not successfully processed
2025-11-07 08:09:01,627 - Knowledge - INFO - process ingested knowledge for /app/data/kaviademo4200/40498/b0188jd/ImageJ-40498/ij/ImageListenerAdapter.java
2025-11-07 08:09:01,719 - Knowledge - WARNING - File /app/data/kaviademo4200/40498/b0188jd/ImageJ-40498/ij/plugin/Filters3D.java not successfully processed
2025-11-07 08:09:01,837 - Knowledge - WARNING - File /app/data/kaviademo4200/40498/b0188jd/ImageJ-40498/ij/plugin/FITS_Writer.java not successfully processed
2025-11-07 08:09:01,926 - Knowledge - WARNING - File /app/data/kaviademo4200/40498/b0188jd/ImageJ-40498/ij/plugin/filter/Filters.java not successfully processed
2025-11-07 08:09:02,010 - Knowledge - INFO - process ingested knowledge for /app/data/kaviademo4200/40498/b0188jd/ImageJ-40498/ij/RecentOpener.java
2025-11-07 08:09:02,078 - Knowledge - WARNING - File /app/data/kaviademo4200/40498/b0188jd/ImageJ-40498/ij/plugin/StackPlotter.java not successfully processed
2025-11-07 08:09:02,146 - Knowledge - WARNING - File /app/data/kaviademo4200/40498/b0188jd/ImageJ-40498/ij/plugin/ZAxisProfiler.java not successfully processed
2025-11-07 08:09:02,230 - Knowledge - WARNING - File /app/data/kaviademo4200/40498/b0188jd/ImageJ-40498/ij/plugin/filter/PlugInFilter.java not successfully processed
2025-11-07 08:09:02,317 - Knowledge - INFO - process ingested knowledge for /app/data/kaviademo4200/40498/b0188jd/ImageJ-40498/ij/util/IJMath.java
2025-11-07 08:09:02,425 - Knowledge - WARNING - File /app/data/kaviademo4200/40498/b0188jd/ImageJ-40498/ij/plugin/StackReducer.java not successfully processed
2025-11-07 08:09:02,534 - Knowledge - WARNING - File /app/data/kaviademo4200/40498/b0188jd/ImageJ-40498/ij/plugin/Colors.java not successfully processed
2025-11-07 08:09:02,638 - Knowledge - WARNING - File /app/data/kaviademo4200/40498/b0188jd/ImageJ-40498/ij/plugin/filter/Binary.java not successfully processed
2025-11-07 08:09:02,715 - Knowledge - INFO - process ingested knowledge for /app/data/kaviademo4200/40498/b0188jd/ImageJ-40498/ij/ImageListener.java
2025-11-07 08:09:02,827 - Knowledge - WARNING - File /app/data/kaviademo4200/40498/b0188jd/ImageJ-40498/ij/plugin/MacroInstaller.java not successfully processed
2025-11-07 08:09:02,923 - Knowledge - WARNING - File /app/data/kaviademo4200/40498/b0188jd/ImageJ-40498/ij/plugin/Commands.java not successfully processed
2025-11-07 08:09:03,006 - Knowledge - WARNING - File /app/data/kaviademo4200/40498/b0188jd/ImageJ-40498/ij/plugin/filter/RankFilters.java not successfully processed
2025-11-07 08:09:03,075 - Knowledge - INFO - process ingested knowledge for /app/data/kaviademo4200/40498/b0188jd/ImageJ-40498/ij/CommandListener.java
2025-11-07 08:09:03,171 - Knowledge - WARNING - File /app/data/kaviademo4200/40498/b0188jd/ImageJ-40498/ij/plugin/ChannelSplitter.java not successfully processed
2025-11-07 08:09:03,275 - Knowledge - WARNING - File /app/data/kaviademo4200/40498/b0188jd/ImageJ-40498/ij/plugin/StackInserter.java not successfully processed
2025-11-07 08:09:03,387 - Knowledge - WARNING - File /app/data/kaviademo4200/40498/b0188jd/ImageJ-40498/ij/plugin/filter/StackLabeler.java not successfully processed
2025-11-07 08:09:03,469 - Knowledge - INFO - process ingested knowledge for /app/data/kaviademo4200/40498/b0188jd/ImageJ-40498/ij/gui/RoiListener.java
2025-11-07 08:09:03,556 - Knowledge - WARNING - File /app/data/kaviademo4200/40498/b0188jd/ImageJ-40498/ij/plugin/FFT.java not successfully processed
2025-11-07 08:09:03,637 - Knowledge - WARNING - File /app/data/kaviademo4200/40498/b0188jd/ImageJ-40498/ij/plugin/BatchConverter.java not successfully processed
2025-11-07 08:09:03,734 - Knowledge - WARNING - File /app/data/kaviademo4200/40498/b0188jd/ImageJ-40498/ij/plugin/filter/UnsharpMask.java not successfully processed
2025-11-07 08:09:03,840 - Knowledge - INFO - process ingested knowledge for /app/data/kaviademo4200/40498/b0188jd/ImageJ-40498/ij/gui/DialogListener.java
2025-11-07 08:09:03,938 - Knowledge - WARNING - File /app/data/kaviademo4200/40498/b0188jd/ImageJ-40498/ij/plugin/Distribution.java not successfully processed
2025-11-07 08:09:04,009 - Knowledge - WARNING - File /app/data/kaviademo4200/40498/b0188jd/ImageJ-40498/ij/plugin/FFTMath.java not successfully processed
2025-11-07 08:09:04,141 - Knowledge - WARNING - File /app/data/kaviademo4200/40498/b0188jd/ImageJ-40498/ij/plugin/filter/ImageMath.java not successfully processed
2025-11-07 08:09:04,331 - Knowledge - WARNING - File /app/data/kaviademo4200/40498/b0188jd/ImageJ-40498/ij/plugin/Clipboard.java not successfully processed
2025-11-07 08:09:04,442 - Knowledge - WARNING - File /app/data/kaviademo4200/40498/b0188jd/ImageJ-40498/ij/plugin/Orthogonal_Views.java not successfully processed
2025-11-07 08:09:04,518 - Knowledge - WARNING - File /app/data/kaviademo4200/40498/b0188jd/ImageJ-40498/ij/plugin/filter/Transformer.java not successfully processed
2025-11-07 08:09:04,619 - Knowledge - INFO - Processing batch of 8 files
2025-11-07 08:09:04,680 - Knowledge - WARNING - File /app/data/kaviademo4200/40498/b0188jd/ImageJ-40498/ij/plugin/RoiEnlarger.java not successfully processed
2025-11-07 08:09:04,775 - Knowledge - WARNING - File /app/data/kaviademo4200/40498/b0188jd/ImageJ-40498/ij/plugin/filter/Calibrator.java not successfully processed
2025-11-07 08:09:04,854 - Knowledge - INFO - process ingested knowledge for /app/data/kaviademo4200/40498/b0188jd/ImageJ-40498/ij/gui/TrimmedButton.java
2025-11-07 08:09:04,927 - Knowledge - WARNING - File /app/data/kaviademo4200/40498/b0188jd/ImageJ-40498/ij/plugin/Scaler.java not successfully processed
2025-11-07 08:09:04,999 - Knowledge - WARNING - File /app/data/kaviademo4200/40498/b0188jd/ImageJ-40498/ij/plugin/filter/Rotator.java not successfully processed
2025-11-07 08:09:05,132 - Knowledge - INFO - process ingested knowledge for /app/data/kaviademo4200/40498/b0188jd/ImageJ-40498/ij/gui/ImagePanel.java
2025-11-07 08:09:05,166 - Knowledge - INFO - [WEBSOCKET] Sent: Type=progress_update, Size: 292, Duration: 0ms
2025-11-07 08:09:05,222 - Knowledge - WARNING - File /app/data/kaviademo4200/40498/b0188jd/ImageJ-40498/ij/plugin/JavaScriptEvaluator.java not successfully processed
2025-11-07 08:09:05,305 - Knowledge - WARNING - File /app/data/kaviademo4200/40498/b0188jd/ImageJ-40498/ij/plugin/filter/Benchmark.java not successfully processed
2025-11-07 08:09:05,401 - Knowledge - INFO - process ingested knowledge for /app/data/kaviademo4200/40498/b0188jd/ImageJ-40498/ij/gui/PlotMaker.java
2025-11-07 08:09:05,516 - Knowledge - INFO - [WEBSOCKET] Sent: Type=unknown, Size: ?, Duration: 350ms
2025-11-07 08:09:05,595 - Knowledge - WARNING - File /app/data/kaviademo4200/40498/b0188jd/ImageJ-40498/ij/plugin/Selection.java not successfully processed
2025-11-07 08:09:05,670 - Knowledge - WARNING - File /app/data/kaviademo4200/40498/b0188jd/ImageJ-40498/ij/plugin/filter/LutViewer.java not successfully processed
2025-11-07 08:09:05,746 - Knowledge - INFO - process ingested knowledge for /app/data/kaviademo4200/40498/b0188jd/ImageJ-40498/ij/gui/Plot.java
2025-11-07 08:09:05,822 - Knowledge - INFO - Progress: 35.5% | Files: 168/471 | Rate: 0.52 files/sec | Queue: 0
2025-11-07 08:09:05,899 - Knowledge - WARNING - File /app/data/kaviademo4200/40498/b0188jd/ImageJ-40498/ij/plugin/StackMaker.java not successfully processed
2025-11-07 08:09:06,017 - Knowledge - WARNING - File /app/data/kaviademo4200/40498/b0188jd/ImageJ-40498/ij/plugin/filter/PlugInFilterRunner.java not successfully processed
2025-11-07 08:09:06,148 - Knowledge - INFO - process ingested knowledge for /app/data/kaviademo4200/40498/b0188jd/ImageJ-40498/ij/ImageJApplet.java
2025-11-07 08:09:06,347 - Knowledge - INFO - Processing batch of 8 files
2025-11-07 08:09:06,468 - Knowledge - WARNING - File /app/data/kaviademo4200/40498/b0188jd/ImageJ-40498/ij/plugin/filter/BackgroundSubtracter.java not successfully processed
2025-11-07 08:09:06,550 - Knowledge - INFO - process ingested knowledge for /app/data/kaviademo4200/40498/b0188jd/ImageJ-40498/ij/IJEventListener.java
2025-11-07 08:09:06,615 - Knowledge - INFO - process ingested knowledge for /app/data/kaviademo4200/40498/b0188jd/ImageJ-40498/ij/plugin/TextFileReader.java
2025-11-07 08:09:06,726 - Knowledge - WARNING - File /app/data/kaviademo4200/40498/b0188jd/ImageJ-40498/ij/plugin/tool/RoiRotationTool.java not successfully processed
2025-11-07 08:09:06,798 - Knowledge - INFO - process ingested knowledge for /app/data/kaviademo4200/40498/b0188jd/ImageJ-40498/ij/ImagePlus.java
2025-11-07 08:09:06,912 - Knowledge - INFO - process ingested knowledge for /app/data/kaviademo4200/40498/b0188jd/ImageJ-40498/ij/plugin/BatchMeasure.java
2025-11-07 08:09:07,006 - Knowledge - WARNING - File /app/data/kaviademo4200/40498/b0188jd/ImageJ-40498/ij/plugin/tool/OverlayBrushTool.java not successfully processed
2025-11-07 08:09:07,101 - Knowledge - INFO - process ingested knowledge for /app/data/kaviademo4200/40498/b0188jd/ImageJ-40498/ij/plugin/Stack_Statistics.java
2025-11-07 08:09:07,219 - Knowledge - INFO - process ingested knowledge for /app/data/kaviademo4200/40498/b0188jd/ImageJ-40498/ij/plugin/RandomOvals.txt
2025-11-07 08:09:07,323 - Knowledge - WARNING - File /app/data/kaviademo4200/40498/b0188jd/ImageJ-40498/ij/plugin/tool/PixelInspectionTool.java not successfully processed
2025-11-07 08:09:07,478 - Knowledge - INFO - process ingested knowledge for /app/data/kaviademo4200/40498/b0188jd/ImageJ-40498/ij/plugin/StackReverser.java
2025-11-07 08:09:07,592 - Knowledge - WARNING - File /app/data/kaviademo4200/40498/b0188jd/ImageJ-40498/ij/plugin/tool/BrushTool.java not successfully processed
2025-11-07 08:09:07,669 - Knowledge - INFO - process ingested knowledge for /app/data/kaviademo4200/40498/b0188jd/ImageJ-40498/ij/plugin/DICOM.java
2025-11-07 08:09:07,784 - Knowledge - INFO - Processing batch of 7 files
2025-11-07 08:09:07,916 - Knowledge - INFO - process ingested knowledge for /app/data/kaviademo4200/40498/b0188jd/ImageJ-40498/ij/plugin/TextWriter.java
2025-11-07 08:09:07,934 - Knowledge - INFO - process ingested knowledge for /app/data/kaviademo4200/40498/b0188jd/ImageJ-40498/ij/plugin/filter/RGBStackSplitter.java
2025-11-07 08:09:08,095 - Knowledge - INFO - process ingested knowledge for /app/data/kaviademo4200/40498/b0188jd/ImageJ-40498/ij/plugin/Raw.java
2025-11-07 08:09:08,163 - Knowledge - INFO - process ingested knowledge for /app/data/kaviademo4200/40498/b0188jd/ImageJ-40498/ij/plugin/filter/Info.java
2025-11-07 08:09:08,257 - Knowledge - INFO - process ingested knowledge for /app/data/kaviademo4200/40498/b0188jd/ImageJ-40498/ij/plugin/MeasurementsWriter.java
2025-11-07 08:09:08,352 - Knowledge - INFO - process ingested knowledge for /app/data/kaviademo4200/40498/b0188jd/ImageJ-40498/ij/plugin/filter/XYWriter.java
2025-11-07 08:09:08,553 - Knowledge - INFO - process ingested knowledge for /app/data/kaviademo4200/40498/b0188jd/ImageJ-40498/ij/plugin/filter/Writer.java
2025-11-07 08:09:08,729 - Knowledge - INFO - process ingested knowledge for /app/data/kaviademo4200/40498/b0188jd/ImageJ-40498/ij/plugin/filter/Duplicater.java
2025-11-07 08:09:08,971 - Knowledge - INFO - process ingested knowledge for /app/data/kaviademo4200/40498/b0188jd/ImageJ-40498/ij/plugin/filter/SaltAndPepper.java
2025-11-07 08:09:09,152 - Knowledge - INFO - process ingested knowledge for /app/data/kaviademo4200/40498/b0188jd/ImageJ-40498/ij/plugin/filter/RoiWriter.java
2025-11-07 08:09:09,999 - Knowledge - INFO - Knowledge creation complete
2025-11-07 08:09:10,141 - Knowledge - INFO - ==================================================
2025-11-07 08:09:10,296 - Knowledge - INFO - KNOWLEDGE GRAPH GENERATION PERFORMANCE SUMMARY
2025-11-07 08:09:10,507 - Knowledge - INFO - ==================================================
2025-11-07 08:09:10,738 - Knowledge - INFO - Total processing time: 326.04 seconds (5.43 minutes)
2025-11-07 08:09:10,890 - Knowledge - INFO - Files processed: 0
2025-11-07 08:09:11,042 - Knowledge - INFO - Processing rate: 0.00 files/second
2025-11-07 08:09:11,204 - Knowledge - INFO - 
[TIME_BREAKDOWN]
2025-11-07 08:09:11,367 - Knowledge - INFO - File Reading: 0.00s (0.0%)
2025-11-07 08:09:11,523 - Knowledge - INFO - LLM Processing: 0.00s (0.0%)
2025-11-07 08:09:11,715 - Knowledge - INFO - MongoDB Operations: 0.00s (0.0%)
2025-11-07 08:09:11,880 - Knowledge - INFO - Redis Operations: 0.00s (0.0%)
2025-11-07 08:09:12,046 - Knowledge - INFO - WebSocket Communication: 0.51s (0.2%)
2025-11-07 08:09:12,212 - Knowledge - INFO - Other Overhead: 325.53s (99.8%)
2025-11-07 08:09:12,376 - Knowledge - INFO - 
[LLM_STATS]
2025-11-07 08:09:12,549 - Knowledge - INFO - Total LLM calls: 0
2025-11-07 08:09:12,750 - Knowledge - INFO - Average LLM response time: 0ms
2025-11-07 08:09:12,902 - Knowledge - INFO - Average prompt tokens: 0.0
2025-11-07 08:09:13,088 - Knowledge - INFO - Average completion tokens: 0.0
2025-11-07 08:09:13,264 - Knowledge - INFO - Total prompt tokens: 0
2025-11-07 08:09:13,446 - Knowledge - INFO - Total completion tokens: 0
2025-11-07 08:09:13,660 - Knowledge - INFO - Total LLM cost: $0.0000
2025-11-07 08:09:13,809 - Knowledge - INFO - 
[DATABASE_STATS]
2025-11-07 08:09:14,004 - Knowledge - INFO - MongoDB operations: 0
2025-11-07 08:09:14,204 - Knowledge - INFO - Redis operations: 0
2025-11-07 08:09:14,408 - Knowledge - INFO - 
[COMMUNICATION_STATS]
2025-11-07 08:09:14,579 - Knowledge - INFO - WebSocket messages sent: 4
2025-11-07 08:09:14,733 - Knowledge - INFO - Average message size: 146.2 bytes
2025-11-07 08:09:14,884 - Knowledge - INFO - 
[WORKER_STATS]
2025-11-07 08:09:15,024 - Knowledge - INFO - 
[FILE_TYPE_STATS]
2025-11-07 08:09:15,176 - Knowledge - INFO - 
[SLOWEST_FILES]
2025-11-07 08:09:15,332 - Knowledge - INFO - ==================================================
2025-11-07 08:09:15,490 - Knowledge - INFO - ==================================================
2025-11-07 08:09:15,657 - Knowledge - INFO - KNOWLEDGE GRAPH GENERATION PERFORMANCE SUMMARY
2025-11-07 08:09:15,847 - Knowledge - INFO - ==================================================
2025-11-07 08:09:16,078 - Knowledge - INFO - Total processing time: 331.44 seconds (5.52 minutes)
2025-11-07 08:09:16,288 - Knowledge - INFO - Files processed: 169 of 471
2025-11-07 08:09:16,470 - Knowledge - INFO - Processing rate: 0.51 files/second
2025-11-07 08:09:16,626 - Knowledge - INFO - WebSocket messages sent: 2
2025-11-07 08:09:16,811 - Knowledge - INFO - MongoDB operations: 169
2025-11-07 08:09:16,973 - Knowledge - INFO - Average MongoDB ops per file: 1.00
2025-11-07 08:09:17,145 - Knowledge - INFO - LLM costs: $0.0000
2025-11-07 08:09:17,306 - Knowledge - INFO - Prompt tokens: 0
2025-11-07 08:09:17,481 - Knowledge - INFO - Completion tokens: 0
2025-11-07 08:09:17,662 - Knowledge - INFO - Updating org costs, total cost: 0
2025-11-07 08:09:18,792 - Knowledge - INFO - [WEBSOCKET] Sent: Type=progress_update, Size: 288, Duration: 0ms
2025-11-07 08:09:18,944 - Knowledge - INFO - Saving knowledge to Redis...
2025-11-07 08:09:19,269 - Knowledge - INFO - Knowledge saved to Redis successfully
